--
-- PostgreSQL database dump
--

-- Dumped from database version 17.4
-- Dumped by pg_dump version 17.4

SET statement_timeout = 0;
SET lock_timeout = 0;
SET idle_in_transaction_session_timeout = 0;
SET transaction_timeout = 0;
SET client_encoding = 'UTF8';
SET standard_conforming_strings = on;
SELECT pg_catalog.set_config('search_path', '', false);
SET check_function_bodies = false;
SET xmloption = content;
SET client_min_messages = warning;
SET row_security = off;

SET default_tablespace = '';

SET default_table_access_method = heap;

--
-- Name: floors; Type: TABLE; Schema: public; Owner: postgres
--

CREATE TABLE public.floors (
    floor_id integer NOT NULL,
    floor_name character varying(50)
);


ALTER TABLE public.floors OWNER TO postgres;

--
-- Name: floors_floor_id_seq; Type: SEQUENCE; Schema: public; Owner: postgres
--

CREATE SEQUENCE public.floors_floor_id_seq
    AS integer
    START WITH 1
    INCREMENT BY 1
    NO MINVALUE
    NO MAXVALUE
    CACHE 1;


ALTER SEQUENCE public.floors_floor_id_seq OWNER TO postgres;

--
-- Name: floors_floor_id_seq; Type: SEQUENCE OWNED BY; Schema: public; Owner: postgres
--

ALTER SEQUENCE public.floors_floor_id_seq OWNED BY public.floors.floor_id;


--
-- Name: parking; Type: TABLE; Schema: public; Owner: postgres
--

CREATE TABLE public.parking (
    id integer NOT NULL,
    city character varying(255),
    parking_location character varying(255),
    parking_name character varying(255)
);


ALTER TABLE public.parking OWNER TO postgres;

--
-- Name: parking_data; Type: TABLE; Schema: public; Owner: postgres
--

CREATE TABLE public.parking_data (
    parking_name character varying(255),
    city character varying(255),
    parking_location character varying(255),
    address_1 text,
    address_2 text,
    latitude double precision,
    longitude double precision,
    physical_appearance character varying(255),
    parking_ownership character varying(255),
    parking_surface character varying(255),
    has_cctv character varying(255),
    has_boom_barrier character varying(255),
    ticket_generated character varying(255),
    entry_exit_gates character varying(255),
    weekly_off character varying(255),
    parking_timing character varying(255),
    vehicle_types character varying(255),
    car_capacity integer,
    two_wheeler_capacity integer,
    parking_type character varying(255),
    payment_modes character varying(255),
    car_parking_charge character varying(255),
    two_wheeler_parking_charge text,
    allows_prepaid_passes character varying(255),
    provides_valet_services character varying(255),
    value_added_services character varying(255),
    notes character varying(255),
    total_slots integer DEFAULT 0 NOT NULL,
    available_slots integer DEFAULT 0 NOT NULL,
    parking_id integer NOT NULL,
    id integer NOT NULL,
    address1 character varying(255),
    address2 character varying(255),
    two_wheeler_parking_carge character varying(255)
);


ALTER TABLE public.parking_data OWNER TO postgres;

--
-- Name: parking_data_id_seq; Type: SEQUENCE; Schema: public; Owner: postgres
--

ALTER TABLE public.parking_data ALTER COLUMN id ADD GENERATED BY DEFAULT AS IDENTITY (
    SEQUENCE NAME public.parking_data_id_seq
    START WITH 1
    INCREMENT BY 1
    NO MINVALUE
    NO MAXVALUE
    CACHE 1
);


--
-- Name: parking_data_parking_id_seq; Type: SEQUENCE; Schema: public; Owner: postgres
--

CREATE SEQUENCE public.parking_data_parking_id_seq
    AS integer
    START WITH 1
    INCREMENT BY 1
    NO MINVALUE
    NO MAXVALUE
    CACHE 1;


ALTER SEQUENCE public.parking_data_parking_id_seq OWNER TO postgres;

--
-- Name: parking_data_parking_id_seq; Type: SEQUENCE OWNED BY; Schema: public; Owner: postgres
--

ALTER SEQUENCE public.parking_data_parking_id_seq OWNED BY public.parking_data.parking_id;


--
-- Name: parking_id_seq; Type: SEQUENCE; Schema: public; Owner: postgres
--

ALTER TABLE public.parking ALTER COLUMN id ADD GENERATED BY DEFAULT AS IDENTITY (
    SEQUENCE NAME public.parking_id_seq
    START WITH 1
    INCREMENT BY 1
    NO MINVALUE
    NO MAXVALUE
    CACHE 1
);


--
-- Name: parkinglots_Details; Type: TABLE; Schema: public; Owner: postgres
--

CREATE TABLE public."parkinglots_Details" (
    id integer NOT NULL,
    parking_id integer,
    parking_name character varying(255),
    city character varying(100),
    parking_location character varying(255),
    address_1 text,
    address_2 text,
    latitude double precision,
    longitude double precision,
    physical_appearance character varying(100),
    parking_ownership character varying(100),
    parking_surface character varying(100),
    has_cctv character varying(10),
    has_boom_barrier character varying(10),
    ticket_generated character varying(10),
    entry_exit_gates character varying(100),
    weekly_off character varying(50),
    parking_timing character varying(100),
    vehicle_types character varying(100),
    car_capacity integer,
    two_wheeler_capacity integer,
    parking_type character varying(100),
    payment_modes character varying(100),
    car_parking_charge character varying(100),
    two_wheeler_parking_charge character varying(100),
    allows_prepaid_passes character varying(10),
    provides_valet_services character varying(10),
    value_added_services text,
    notes text,
    total_slots integer,
    available_slots integer,
    address1 double precision,
    address2 double precision,
    two_wheeler_parking_carge double precision
);


ALTER TABLE public."parkinglots_Details" OWNER TO postgres;

--
-- Name: parkinglots_Details_id_seq; Type: SEQUENCE; Schema: public; Owner: postgres
--

CREATE SEQUENCE public."parkinglots_Details_id_seq"
    AS integer
    START WITH 1
    INCREMENT BY 1
    NO MINVALUE
    NO MAXVALUE
    CACHE 1;


ALTER SEQUENCE public."parkinglots_Details_id_seq" OWNER TO postgres;

--
-- Name: parkinglots_Details_id_seq; Type: SEQUENCE OWNED BY; Schema: public; Owner: postgres
--

ALTER SEQUENCE public."parkinglots_Details_id_seq" OWNED BY public."parkinglots_Details".id;


--
-- Name: parkingsessions; Type: TABLE; Schema: public; Owner: postgres
--

CREATE TABLE public.parkingsessions (
    ticket_id character varying(20) NOT NULL,
    slot_id integer,
    vehicle_reg_no character varying(20),
    start_time timestamp without time zone,
    end_time timestamp without time zone,
    user_id integer
);


ALTER TABLE public.parkingsessions OWNER TO postgres;

--
-- Name: reservations; Type: TABLE; Schema: public; Owner: postgres
--

CREATE TABLE public.reservations (
    reservation_id integer NOT NULL,
    slot_id integer NOT NULL,
    hour integer NOT NULL,
    reserved boolean NOT NULL,
    user_id integer
);


ALTER TABLE public.reservations OWNER TO postgres;

--
-- Name: reservations_reservation_id_seq; Type: SEQUENCE; Schema: public; Owner: postgres
--

CREATE SEQUENCE public.reservations_reservation_id_seq
    AS integer
    START WITH 1
    INCREMENT BY 1
    NO MINVALUE
    NO MAXVALUE
    CACHE 1;


ALTER SEQUENCE public.reservations_reservation_id_seq OWNER TO postgres;

--
-- Name: reservations_reservation_id_seq; Type: SEQUENCE OWNED BY; Schema: public; Owner: postgres
--

ALTER SEQUENCE public.reservations_reservation_id_seq OWNED BY public.reservations.reservation_id;


--
-- Name: rows; Type: TABLE; Schema: public; Owner: postgres
--

CREATE TABLE public.rows (
    row_id integer NOT NULL,
    floor_id integer,
    row_name character varying(50)
);


ALTER TABLE public.rows OWNER TO postgres;

--
-- Name: rows_row_id_seq; Type: SEQUENCE; Schema: public; Owner: postgres
--

CREATE SEQUENCE public.rows_row_id_seq
    AS integer
    START WITH 1
    INCREMENT BY 1
    NO MINVALUE
    NO MAXVALUE
    CACHE 1;


ALTER SEQUENCE public.rows_row_id_seq OWNER TO postgres;

--
-- Name: rows_row_id_seq; Type: SEQUENCE OWNED BY; Schema: public; Owner: postgres
--

ALTER SEQUENCE public.rows_row_id_seq OWNED BY public.rows.row_id;


--
-- Name: slots; Type: TABLE; Schema: public; Owner: postgres
--

CREATE TABLE public.slots (
    slot_id integer NOT NULL,
    row_id integer,
    slot_name character varying(50),
    status integer,
    vehicle_reg_no character varying(20),
    ticket_id character varying(20),
    user_id integer
);


ALTER TABLE public.slots OWNER TO postgres;

--
-- Name: slots_slot_id_seq; Type: SEQUENCE; Schema: public; Owner: postgres
--

CREATE SEQUENCE public.slots_slot_id_seq
    AS integer
    START WITH 1
    INCREMENT BY 1
    NO MINVALUE
    NO MAXVALUE
    CACHE 1;


ALTER SEQUENCE public.slots_slot_id_seq OWNER TO postgres;

--
-- Name: slots_slot_id_seq; Type: SEQUENCE OWNED BY; Schema: public; Owner: postgres
--

ALTER SEQUENCE public.slots_slot_id_seq OWNED BY public.slots.slot_id;


--
-- Name: users; Type: TABLE; Schema: public; Owner: postgres
--

CREATE TABLE public.users (
    user_id integer NOT NULL,
    user_address character varying(255),
    user_email character varying(255),
    user_name character varying(255),
    user_password character varying(255),
    user_phone_no bigint NOT NULL
);


ALTER TABLE public.users OWNER TO postgres;

--
-- Name: users_user_id_seq1; Type: SEQUENCE; Schema: public; Owner: postgres
--

ALTER TABLE public.users ALTER COLUMN user_id ADD GENERATED BY DEFAULT AS IDENTITY (
    SEQUENCE NAME public.users_user_id_seq1
    START WITH 1
    INCREMENT BY 1
    NO MINVALUE
    NO MAXVALUE
    CACHE 1
);


--
-- Name: floors floor_id; Type: DEFAULT; Schema: public; Owner: postgres
--

ALTER TABLE ONLY public.floors ALTER COLUMN floor_id SET DEFAULT nextval('public.floors_floor_id_seq'::regclass);


--
-- Name: parking_data parking_id; Type: DEFAULT; Schema: public; Owner: postgres
--

ALTER TABLE ONLY public.parking_data ALTER COLUMN parking_id SET DEFAULT nextval('public.parking_data_parking_id_seq'::regclass);


--
-- Name: parkinglots_Details id; Type: DEFAULT; Schema: public; Owner: postgres
--

ALTER TABLE ONLY public."parkinglots_Details" ALTER COLUMN id SET DEFAULT nextval('public."parkinglots_Details_id_seq"'::regclass);


--
-- Name: reservations reservation_id; Type: DEFAULT; Schema: public; Owner: postgres
--

ALTER TABLE ONLY public.reservations ALTER COLUMN reservation_id SET DEFAULT nextval('public.reservations_reservation_id_seq'::regclass);


--
-- Name: rows row_id; Type: DEFAULT; Schema: public; Owner: postgres
--

ALTER TABLE ONLY public.rows ALTER COLUMN row_id SET DEFAULT nextval('public.rows_row_id_seq'::regclass);


--
-- Name: slots slot_id; Type: DEFAULT; Schema: public; Owner: postgres
--

ALTER TABLE ONLY public.slots ALTER COLUMN slot_id SET DEFAULT nextval('public.slots_slot_id_seq'::regclass);


--
-- Data for Name: floors; Type: TABLE DATA; Schema: public; Owner: postgres
--

COPY public.floors (floor_id, floor_name) FROM stdin;
1	Second Floor
\.


--
-- Data for Name: parking; Type: TABLE DATA; Schema: public; Owner: postgres
--

COPY public.parking (id, city, parking_location, parking_name) FROM stdin;
\.


--
-- Data for Name: parking_data; Type: TABLE DATA; Schema: public; Owner: postgres
--

COPY public.parking_data (parking_name, city, parking_location, address_1, address_2, latitude, longitude, physical_appearance, parking_ownership, parking_surface, has_cctv, has_boom_barrier, ticket_generated, entry_exit_gates, weekly_off, parking_timing, vehicle_types, car_capacity, two_wheeler_capacity, parking_type, payment_modes, car_parking_charge, two_wheeler_parking_charge, allows_prepaid_passes, provides_valet_services, value_added_services, notes, total_slots, available_slots, parking_id, id, address1, address2, two_wheeler_parking_carge) FROM stdin;
Barakhamba Road - ECE House	New Delhi	Barakhamba Road CP	ECE house near by HDFC bank 	Barakhamba road CP	28.629724	77.225735	Open - Road Side	Not known	Cemented	No	N	No ticket	Multi gates for Entry as well as Exit	Open All Days	12:00:00 AM - 11:59:00 AM	Car	30	0	Free	Free Parking	Free parking. 	Free parking. 	No such option	No	No	\N	50	30	7	1	\N	\N	\N
Azadpur - Naniwala Bagh Complex	New Delhi	Azadpur 	Naniwala Bagh Complex 	Behind Aradhana Bhawan 	28.710806	77.178574	Open - Covered bounderies	Govt - Subcontracted	Pawment	No	N	Manually - Hand written	Multi gates for Entry as well as Exit	Open All Days	09:00:00 AM - 09:00:00 PM	Car 2 Weelers	50	60	Paid	Cash	Rs 20 per hour	Rs 10 per hour	No such option	No	No	Completely chaotic.	50	30	15	2	\N	\N	\N
Model town 	New Delhi	Model town 2	Near Mcdonald	\N	28.7059	77.1902	Open - Road Side	Govt - Subcontracted	Cemented	No	N	Manually - Hand written	Multi gates for Entry as well as Exit	Open All Days	08:00:00 AM - 10:00:00 PM	Car	50	0	Paid	Cash	Rs 20 per hour	Not applicable.	No such option	Yes	20rs for first hour beyond that 10rs hour 	\N	50	30	16	3	\N	\N	\N
Netaji Subhash Place	New Delhi	Nsp subhash place pitampura	\N	Near by PIET institute 	28.696101	77.152701	Open - Covered bounderies	Govt - Subcontracted	Cemented	No	N	Manually - Hand written	Single entry gate and Single exit gate	Open All Days	09:00:00 AM - 11:00:00 PM	2 Weelers	0	40	Paid	Cash	Car parking not available 	Rs 10 per hour	No such option	No	10 Rs for 1st hour Rs5/per hour	\N	100	70	10	4	\N	\N	\N
Netaji Subhash place -  Office Parking 	New Delhi	Subhash place pitampura 	Subhash place Pitampura  Flow Tech Group of Industries 	Flow tech group of idustries 	28.692222	77.150673	Open - Covered bounderies	Not known	Pawment	Yes	N	No ticket	Single entry gate and Single exit gate	Open All Days	09:00:00 AM - 10:00:00 PM	Car 2 Weelers	20	25	Free	Free Parking	Free	Free	No such option	No	No	Well maintained and provided with guard.	200	140	9	5	\N	\N	\N
Kohat Enclave - Metro Station 	New Delhi	Kohat Enclave Bus Stand 	Kohat Enclave Bus Stand & Metro Station	\\Metro Station	28.696587	77.143311	Open - Road Side	Govt - Open - Not Authorized to anyone	Cemented	No	N	No ticket	Multi gates for Entry as well as Exit	Open All Days	12:00:00 PM - 12:00:00 AM	Car 2 Weelers	250	300	Free	Free Parking	Free	Free	No such option	No	No	Parking available either side of the road 	150	110	6	6	\N	\N	\N
Connaught Place - B Block	New Delhi	Block-B RR-3 Metro Station gate no. 1 rajiv chowk	Block-B RR-3 Metro Station gate no. 1 near wildcraft showroom rajiv chowk	Block-B RR-3 Metro Station gate no. 1 near wildcraft and bata showroom rajiv chowk	28.633907	77.218979	Open - Covered bounderies	Govt - Subcontracted	Cemented	Yes	Y	Stand alone printer	Single entry gate and Single exit gate	Open All Days	06:00:00 AM - 11:00:00 PM	Car 2 Weelers	200	130	Paid	Cash	Rs 20 per hour	Rs 10 per hour	Monthly Pass	No	No	Neat and clean parking	200	60	18	7	\N	\N	\N
Madhuban Chowk - Bus Stand	New Delhi	Bus Stand	Madhuban chowk 	Pitampura metro station 	28.703096	77.129779	Open - Road Side	Govt - Open - Not Authorized to anyone	Cemented	No	N	No ticket	Multi gates for Entry as well as Exit	Open All Days	12:00:00 PM - 12:00:00 AM	Car 2 Weelers	100	200	Free	Free Parking	Free	Free	No such option	No	No	\N	200	60	5	8	\N	\N	\N
Jahangirpuri - Metro Authorised Parking 	New Delhi	Jahangirpuri 	Jahangir puri metro  	Patking agency- m/s manoj computer	28.725422	77.16333	Open - Covered bounderies	Govt - Subcontracted	Cemented	No	Y	Stand Alone printer	Multi gates for Entry as well as Exit	Open All Days	06:00:00 AM - 11:00:00 PM	Car 2 Weelers	200	500	Paid	Cash	20 up to 6 hours 30 for 12 hours	10 up to 6 hours 15 up to 12	Monthly Pass	No	No	\N	200	90	2	9	\N	\N	\N
Azadpur - Commercial Complex	New Delhi	Akash Cinema 	Azadpur bus depot	Akash cinema 	28.709763	77.177963	Open - Covered bounderies	Govt - Open - Not Authorized to anyone	Mud	No	N	No ticket	Multi gates for Entry as well as Exit	Open All Days	12:00:00 AM - 12:00:00 PM	Car 2 Weelers	200	250	Free	Free Parking	Free parking 	Free parking 	No such option	No	No	\N	100	90	3	10	\N	\N	\N
ISBT Kashmere Gate -  Bus Stand	New Delhi	Inter State Bus Stand	Kashmere gate 	\N	28.668608	77.229538	Open - Covered bounderies	Not known	Cemented	Yes	N	No ticket	Multi gates for Entry as well as Exit	Open All Days	07:00:00 AM - 11:00:00 PM	Car 2 Weelers	300	400	Free	Free Parking	Free 	Free	No such option	No	Guards.	Very Neat and organised parking.	150	90	4	11	\N	\N	\N
Netaji Subhash Place -  Bus Stand 	New Delhi	Subhash place Pitampura	Subhash Place 	PP tower 	28.694117	77.151066	Open - Road Side	Govt - Subcontracted	Cemented	Yes	N	Manually - Hand written	Multi gates for Entry as well as Exit	Open All Days	09:00:00 AM - 11:00:00 PM	Car 2 Weelers	25	40	Paid	Cash	Rs 20 per hour	Rs 10 per hour	No such option	No	No	\N	150	90	8	12	\N	\N	\N
Netaji Subhash Place - Foot Over Bridge   	New Delhi	Nsp pitampura 	Footover Bridge 	Near Zever Jewellery Showroom 	28.693846	77.150208	Open - Covered bounderies	Not known	Pawment	Yes	N	No ticket	Single entry gate and Single exit gate	Open All Days	12:00:00 PM - 12:00:00 AM	Car	40	0	Free	Free Parking	Free	Not allowed 	No such option	No	No	\N	150	50	11	13	\N	\N	\N
Pitampura - Netaji Subhash Place 	New Delhi	Nsp near by pizza hut and stanmax	Pitampura 	In front of pizza hut and stanmax	28.694021	77.149529	Open - Covered bounderies	Govt - Open - Not Authorized to anyone	Pawment	Yes	N	No ticket	Multi gates for Entry as well as Exit	Open All Days	12:00:00 PM - 12:00:00 AM	Car 2 Weelers	30	25	Free	Free Parking	No charges.	No charges.	No such option	No	No	Clean and well-maintained parking 	100	50	12	14	\N	\N	\N
Pitampura - Netaji Subhash Place  	New Delhi	Nsp pitampura 	Nsp pitampura beside pizza hut 	Road to asia pacific	\N	\N	Open - Road Side	Govt - Subcontracted	Cemented	No	N	Manually - Hand written	Multi gates for Entry as well as Exit	Open All Days	09:00:00 AM - 10:00:00 PM	Car	25	0	Paid	Cash	Rs 20 per hour	Not applicable.	No such option	No	No	\N	100	60	13	15	\N	\N	\N
Azadpur -  Gupta Tower	New Delhi	Azadpur 	Near by Gupta Tower	On road leading to Mukundpur Village	28.710661	77.177727	Open - Road Side	Govt - Open - Not Authorized to anyone	Cemented	No	N	No ticket	Multi gates for Entry as well as Exit	Open All Days	12:00:00 PM - 12:00:00 AM	Car 2 Weelers	30	50	Free	Free Parking	Free parking.	Free parking.	No such option	No	No	Not organised at all not guarded by anyone seems unsafe parking.	100	70	14	16	\N	\N	\N
Pitampura - Saraswati vihar	New Delhi	Pitampura Madhuban Chowk	Saraswati Vihar Behind Bus Stand 	Near Wills lifestyle Metro Station	\N	\N	Open - Road Side	Not known	Cemented	No	N	No ticket	Single entry gate and Single exit gate	Open All Days	12:00:00 PM - 12:00:00 AM	Car 2 Weelers	60	20	Free	Free Parking	Free parking.	Free parking.	No such option	No	No	\N	50	30	20	17	\N	\N	\N
Hazarat Nizamuddin Police Station	New Delhi	Nizamuddin	Lodhi Rd Near Sabz Burj Nizamuddin West New Delhi Delhi 110013	\N	28.592543	77.24382	Open - Road Side	Govt - Open - Not Authorized to anyone	Cemented	No	N	No ticket	Multi gates for Entry as well as Exit	Open All Days	12:00:00 AM - 11:59:00 PM	Car 2 Weelers	40	30	Free	Free	Free	Free	No such option	No	No	2 Wheeler Parking is on the pavement	50	30	21	18	\N	\N	\N
Humayun Tomb Interpretation Center	New Delhi	Nizamuddin	 Mathura Road Opposite Dargah Nizamuddin New Delhi Delhi 110013	\N	28.593067	77.244568	Open - Covered bounderies	Govt - Subcontracted	Cemented	No	N	Manually - Hand written	Shared Single gate for Entry as well as Exit	Open All Days	06:30:00 AM - 06:30:00 PM	Car 2 Weelers	80	25	Paid	Cash	Rs 10 per Parking	Rs 10 per parking	No such option	No	No	\N	50	30	22	19	\N	\N	\N
Humayun Tomb	New Delhi	Nizamuddin	 Mathura Road Opposite Dargah Nizamuddin New Delhi Delhi 110013	\N	28.594217	77.247055	Open - Covered bounderies	Govt - Open - Not Authorized to anyone	Cemented	No	N	No ticket	Multi gates for Entry as well as Exit	Open All Days	12:00:00 AM - 11:59:00 PM	Car 2 Weelers	50	25	Free	Free Parking	Free	Free	No such option	No	No	\N	50	30	24	20	\N	\N	\N
Hazrat Nizamuddin Railway Station	New Delhi	Nizamuddin	Hazrat Nizamuddin Railway Station New Delhi 110013	\N	28.589903	77.252914	Open - Covered bounderies	Not known	Cemented	No	N	No ticket	Single entry gate and Single exit gate	Open All Days	12:00:00 AM - 11:59:00 PM	Car 2 Weelers	125	100	Free	Free Parking	Free	Free	No such option	No	No	\N	50	30	27	21	\N	\N	\N
Nizamuddin West Market	New Delhi	Nizamuddin	11 Main Market Nizamuddin West  Delhi - 110013 	\N	28.589458	77.245445	Open - Road Side	Govt - Open - Not Authorized to anyone	Cemented	Yes	N	No ticket	Single entry gate and Single exit gate	Open All Days	12:00:00 AM - 11:59:00 PM	Car 2 Weelers	25	15	Free	Free Parking	Free	Free	No such option	No	No	\N	50	30	28	22	\N	\N	\N
Sai Baba Mandir	New Delhi	Lodhi Colony	3 Lodhi Rd Gokalpuri Institutional Area Lodi Colony New Delhi Delhi 110003	\N	28.589489	77.229118	Open - Road Side	Govt - Open - Not Authorized to anyone	Cemented	No	N	No ticket	Single entry gate and Single exit gate	Open All Days	12:00:00 AM - 11:59:00 PM	Car 2 Weelers	20	10	Free	Free Parking	Free	Free	No such option	No	No	\N	50	30	30	23	\N	\N	\N
Sri Sathya Sai International Centre	New Delhi	Lodhi colony	Lodhi Road Bhishm Pitamah Marg New Delhi Delhi 110003	\N	28.587488	77.230591	Open - Road Side	Govt - Open - Not Authorized to anyone	Cemented	No	N	No ticket	Single entry gate and Single exit gate	Open All Days	12:00:00 AM - 11:59:00 PM	Car	40	20	Free	Free Parking	Free	Free	No such option	No	No	\N	50	30	31	24	\N	\N	\N
NBCC Place	New Delhi	Lodhi Colony	Bhisham Pitamah Marg Pragati Vihar New Delhi 110003	\N	28.586172	77.230255	Open - Road Side	Govt - Open - Not Authorized to anyone	Cemented	No	N	No ticket	Single entry gate and Single exit gate	Open All Days	12:00:00 AM - 11:59:00 PM	Car 2 Weelers	40	15	Free	Free Parking	Free	Free	No such option	No	No	\N	50	30	32	25	\N	\N	\N
Palika Maternity Hospital 	New Delhi	Lodhi colony	Block 11 Lodhi Colony Near Khanna Market New Delhi Delhi 110003	\N	28.583693	77.222054	Open - Road Side	Govt - Open - Not Authorized to anyone	Pawment	No	N	No ticket	Multi gates for Entry as well as Exit	Open All Days	12:00:00 AM - 11:59:00 PM	Car 2 Weelers	20	10	Free	Free Parking	Free	Free	No such option	No	No	\N	50	30	34	26	\N	\N	\N
CGHS Wellness Centre	New Delhi	Lodhi Colony	Block No. 4 Dispensary No. 10 Lodi Road Lodi Colony New Delhi Delhi 110003	\N	28.582329	77.224884	Open - Covered bounderies	Not known	Cemented	No	N	No ticket	Shared Single gate for Entry as well as Exit	Sun	08:00:00 AM - 03:00:00 PM	Car	10	10	Free	Free Parking	Free	Free	No such option	No	No	\N	50	30	36	27	\N	\N	\N
Community Center Nizamuddin West	New Delhi	Nizamuddin	Community Center Nizamuddin West New Delhi 110013	\N	28.589462	77.245163	Open - Road Side	Govt - Open - Not Authorized to anyone	Cemented	No	N	No ticket	Single entry gate and Single exit gate	Open All Days	12:00:00 AM - 11:59:00 PM	Car 2 Weelers	25	15	Free	Free Parking	Free	Free	No such option	No	No	\N	200	140	29	28	\N	\N	\N
Banglasaheb Gurudwara 	New Delhi	Rajiv Chowk	Rajiv Chowk	Banglasaheb gurudwara near YMCA organization 	28.626366	77.210541	Indoor - Multi Level	Govt - Open - Not Authorized to anyone	Cemented	Yes	N	Manually - Hand written	Single entry gate and Single exit gate	Open All Days	12:00:00 PM - 12:00:00 AM	Car 2 Weelers	2000	50	Free	Free Parking	Free parking 	Free parking 	No such option	No	No	Clean and safe parking with proper arrangements.	200	140	19	29	\N	\N	\N
Meharchand Market	New Delhi	Lodhi Colony	Meharchand Market Lodi Colony New Delhi Delhi 110003	\N	28.585073	77.226456	Open - Road Side	Govt - Open - Not Authorized to anyone	Cemented	No	N	No ticket	Multi gates for Entry as well as Exit	Open All Days	12:00:00 AM - 11:59:00 PM	Car 2 Weelers	100	30	Free	Free Parking	Free	Free	No such option	No	No	\N	200	80	33	30	\N	\N	\N
Lodhi Colony Market	New Delhi	Lodhi Colony	Lodi Colony Market New Delhi Delhi 110003	\N	28.584618	77.223679	Open - Road Side	Govt - Open - Not Authorized to anyone	Cemented	No	N	No ticket	Multi gates for Entry as well as Exit	Open All Days	12:00:00 AM - 11:59:00 PM	Car 2 Weelers	60	25	Free	Free Parking	Free	Free	No such option	No	No	There is one cctv camera outside one of the shops on one side	150	110	35	31	\N	\N	\N
Humayun Tomb Bus/Travellers	New Delhi	Nizamuddin	 Mathura Road Opposite Dargah Nizamuddin New Delhi Delhi 110013	\N	28.594082	77.245987	Open - Covered bounderies	Govt - Subcontracted	Cemented	No	N	Manually - Hand written	Single entry gate and Single exit gate	Open All Days	06:30:00 AM - 06:30:00 PM	Bus	0	0	Paid	Cash	No Cars	No 2 wheelers	No such option	No	No	Bus parking space - 8 to 10 Charges Rs 50 per parking	50	20	23	32	\N	\N	\N
New Khanna Market	New Delhi	Lodhi Colony	New Khanna Market Lodhi Road New Delhi 110003	\N	28.580114	77.222122	Open - Road Side	Govt - Open - Not Authorized to anyone	Cemented	No	N	No ticket	Multi gates for Entry as well as Exit	Open All Days	12:00:00 AM - 11:59:00 PM	Car 2 Weelers	30	20	Free	Free Parking	Free	Free	No such option	No	No	\N	50	20	37	33	\N	\N	\N
Nizamuddin East Market	New Delhi	Nizamuddin	8 Nizamuddin East Market New Delhi Delhi 110003	\N	28.589701	77.252563	Open - Road Side	Govt - Open - Not Authorized to anyone	Cemented	No	N	No ticket	Multi gates for Entry as well as Exit	Open All Days	12:00:00 AM - 11:59:00 PM	Car 2 Weelers	45	20	Free	Free Parking	Free	Free	No such option	No	No	\N	200	70	26	34	\N	\N	\N
Azadpur Metro Station 	New Delhi	Azadpur 	Azadpur metro station 	Azadpur metro station 	28.706606	77.182076	Open - Covered bounderies	Govt - Subcontracted	Cemented	No	N	Manually - Hand written	Shared Single gate for Entry as well as Exit	Open All Days	12:00:00 PM - 12:00:00 AM	Car 2 Weelers	120	200	Paid	Cash	20rs for first 6 hours 30 rs beyond that.	10rs for first 6 hours 15rs beyond that.	Monthly Pass	Yes	Monthly pass on the basis of day and night slots.	\N	50	30	38	35	\N	\N	\N
Rajiv Chowk- Metro Station Gate No. 4	New Delhi	Rajiv Chowk CP	\N	Near Gate no 4 in front of Farzi cafe	28.632511	77.221207	Open - Covered bounderies	Govt - Subcontracted	Cemented	Yes	Y	Manually - Hand written	Multi gates for Entry as well as Exit	Open All Days	06:00:00 AM - 11:59:00 PM	Car 2 Weelers	70	20	Paid	Cash	Rs 20 per hour	Rs 10 per hour	Monthly Pass	No	No	Well organised clean and provided with guard.	50	30	41	36	\N	\N	\N
Connaught Place - Hdfc bank 	New Delhi	Super bazar bus stand Cp	Hotel bright hdfc bank 	Near by super bazar cannought place 	\N	\N	Open - Road Side	Private - subcontracted	Cemented	No	Y	Manually - Hand written	Shared Single gate for Entry as well as Exit	Open All Days	09:00:00 AM - 11:00:00 PM	Car	50	0	Paid	Cash	Rs 20 per hour	Not applicable. 	Monthly Pass	No	No	\N	56	86	173	173	\N	\N	\N
Connaught Place - C Block	New Delhi	Connaught place	Cannought place C-block	Near by union bank ATM and embassy restaurant & bar.	28.633545	77.221207	Open - Covered bounderies	Govt - Subcontracted	Cemented	No	N	Manually - Hand written	Shared Single gate for Entry as well as Exit	Open All Days	08:00:00 AM - 11:00:00 PM	2 Weelers	0	120	Paid	Cash	Not applicable.	10 rs per hour 50 rs one hour onwards for the entire day.	No such option	No	No	\N	50	30	42	37	\N	\N	\N
Connaught Place - D Block 	New Delhi	Cannought place 	Cannought place D block 	Near by rajiv chowk metro station gate no 3 and warehouse cafe.	28.633789	77.22068	Open - Covered bounderies	Govt - Subcontracted	Cemented	No	N	Mobile App having Blue Tooth Printer	Shared Single gate for Entry as well as Exit	Open All Days	08:00:00 AM - 11:59:00 PM	Car	40	0	Paid	Cash	Rs 20 per hour	Not applicable.	Monthly Pass	No	No	\N	50	30	44	38	\N	\N	\N
Kohat Enclave Metro Station 	New Delhi	Pitampura near by madhuban chowk	Kohat enclave metro station 	Pitampura near by madhuban chowk. 	28.697701	77.141602	Open - Covered bounderies	Govt - Subcontracted	Cemented	No	Y	Manually - Hand written	Shared Single gate for Entry as well as Exit	Open All Days	05:00:00 AM - 11:59:00 PM	Car	250	200	Paid	Cash	Rs 20 per hour	Rs 10 per hour	Monthly Pass	Yes	A printed card to charge for parking 	Nicely maintained and proper way of charging through printed cards  as  compared to other parking.	50	30	45	39	\N	\N	\N
Subhash Place Metro Station 	New Delhi	Pitampura nsp	Netaji subhash place metro station 	Pitampura near by wazirpur 	28.695057	77.152054	Open - Covered bounderies	Govt - Subcontracted	Cemented	No	Y	Manually - Hand written	Shared Single gate for Entry as well as Exit	Open All Days	12:00:00 AM - 11:59:00 PM	Car 2 Weelers	200	250	Paid	Cash	Rs 20 per hour	Rs 10 per hour	Monthly Pass	No	No	\N	50	30	46	40	\N	\N	\N
HP TWIN Tower Pitampura	New Delhi	Nsp pitampura 	HP twin power near by Starbucks coffee 	Nsp pitampura 	28.693121	77.152824	Open - Road Side	Govt - Subcontracted	Cemented	No	N	Manually - Hand written	Multi gates for Entry as well as Exit	Open All Days	09:00:00 AM - 11:00:00 PM	Car 2 Weelers	10	40	Paid	Cash	Rs 20 per hour	Rs 10 per hour	No such option	No	No	\N	50	30	47	41	\N	\N	\N
D-Mall Parking 	New Delhi	Nsp pitampura 	D-mall parking beside yes bank ATM 	NSP  pitampura 	28.692876	77.152637	Indoor - Single Level	Private - self managed	Cemented	Yes	Y	No ticket	Shared Single gate for Entry as well as Exit	Open All Days	10:00:00 AM - 10:00:00 PM	Car 2 Weelers	100	150	Free	Free Parking	Free parking.	Free parking.	No such option	No	No	\N	50	30	48	42	\N	\N	\N
Netaji Subhash Place - Agarwal Millenium Tower 2	New Delhi	Nsp pitampura 	Agarwal millenium tower 2 	Nsp pitampura 	28.693146	77.14975	Open - Road Side	Private - subcontracted	Cemented	No	N	Manually - Hand written	Multi gates for Entry as well as Exit	Open All Days	09:00:00 AM - 11:00:00 PM	Car 2 Weelers	10	25	Paid	Cash	Rs 20 per hour	Rs 10 per hour	No such option	No	No	\N	50	30	50	43	\N	\N	\N
Aggarwal Metro Heights - Mangalam Realtors	New Delhi	Nsp pitampura 	Aggarwal metro heights near by mangalam realtors 	Nsp pitampura 	28.693279	77.149574	Open - Road Side	Govt - Subcontracted	Cemented	No	N	Manually - Hand written	Multi gates for Entry as well as Exit	Open All Days	08:00:00 AM - 10:00:00 PM	2 Weelers	0	100	Paid	Cash	Not applicable.	10 rs per hours 15 rs beyond that.	Monthly Pass	No	No	\N	50	30	51	44	\N	\N	\N
Shastri Bhawan	New Delhi	Central secretariat 	Central secretariat Shastri Bhawan	Near by Women and child welfare development.	28.616716	77.216797	Open - Road Side	Not known	Cemented	No	N	No ticket	Multi gates for Entry as well as Exit	Open All Days	12:00:00 AM - 12:00:00 PM	Car 2 Weelers	100	30	Free	Free Parking	Free parking 	Free parking 	No such option	No	No	\N	100	70	40	45	\N	\N	\N
Haldiram Parking	New Delhi	Nsp pitampura 	Haldiram beside D-mall parking	Nsp pitampura 	28.693121	77.152824	Open - Road Side	Govt - Subcontracted	Cemented	No	N	Manually - Hand written	Multi gates for Entry as well as Exit	Open All Days	09:00:00 AM - 10:00:00 PM	Car 2 Weelers	10	40	Paid	Cash	Rs 20 per hour	Rs 10 per hour	Monthly Pass	No	No	\N	200	140	49	46	\N	\N	\N
Rafi Marg - Behind Reserve Bank of India 	New Delhi	Central secretariat 	Central Secretariat Rafi Marg 	Indian Newspaper Society 	28.620077	77.212646	Open - Road Side	Not known	Cemented	No	N	No ticket	Multi gates for Entry as well as Exit	Open All Days	12:00:00 AM - 12:00:00 PM	Car 2 Weelers	250	50	Free	Free Parking	Free parking.	Free parking.	No such option	No	No	\N	200	140	39	47	\N	\N	\N
Connaught Place - E Block	New Delhi	Cannought place E- block	Cannought place E-block 	In front of Equestrain inspired lifestyle  (jump)	28.633486	77.221092	Open - Road Side	Govt - Subcontracted	Cemented	No	N	Manually - Hand written	Single entry gate and Single exit gate	Open All Days	06:00:00 AM - 12:00:00 PM	Car	15	0	Paid	Cash	Rs 20 per hour	Not applicable.	Monthly Pass	No	No	\N	150	110	43	48	\N	\N	\N
Shalimar Bagh - Bus Stand 	New Delhi	Shalimar bagh 	Shalimar bagh bus stand 	Near by maruti suzuki showroom NEXA 	28.703426	77.169182	Open - Road Side	Not known	Cemented	No	N	No ticket	Multi gates for Entry as well as Exit	Open All Days	12:00:00 AM - 11:59:00 PM	Car 2 Weelers	50	20	Free	Free Parking	Free parking.	Free parking. 	No such option	No	No	\N	150	110	54	49	\N	\N	\N
Aggarwal Millenium Tower-1	New Delhi	Nsp pitampura 	Aggarwal millenium tower-1 behind pizza hut	Nsp pitampura 	\N	\N	Open - Covered bounderies	Private - subcontracted	Cemented	No	N	Manually - Hand written	Single entry gate and Single exit gate	Open All Days	12:00:00 AM - 11:59:00 PM	Car 2 Weelers	100	150	Paid	Cash	20 for first hour 5rs reduces for next hour.	10 rs for first hour 5 rs after that.	Monthly Pass	Yes	No	\N	150	125	52	50	\N	\N	\N
Kalyan Jewellers - PP Trade Centre	New Delhi	Nsp pitampura 	Kalyan jewellers in front of PP trade centre 	Nsp pitampura 	28.694473	77.14904	Open - Road Side	Not known	Cemented	No	N	No ticket	Multi gates for Entry as well as Exit	Open All Days	12:00:00 AM - 11:59:00 PM	Car	80	0	Free	Cash	Free parking.	Free parking.	No such option	No	No	\N	50	20	53	51	\N	\N	\N
Shalimar bagh - Industrial Area	New Delhi	Shalimar bagh 	Industrial area v- block 	Shalimar bagh 	\N	\N	Open - Road Side	Not known	Cemented	No	N	No ticket	Shared Single gate for Entry as well as Exit	Open All Days	12:00:00 AM - 11:59:00 PM	Car 2 Weelers	120	50	Free	Free Parking	Free parking.	Free parking.	No such option	No	No	\N	50	30	56	52	\N	\N	\N
Malviya Nagar - Geeta Bhawan Mandir 	New Delhi	Malviya nagar	Geeta bhawan mandir	Near by malviya nagar metro station 	28.533321	77.206924	Open - Road Side	Not known	Mud	No	N	No ticket	Multi gates for Entry as well as Exit	Open All Days	12:00:00 AM - 11:59:00 PM	Car	40	0	Free	Free Parking	Free parking.	Free parking.	No such option	No	No	\N	50	30	57	53	\N	\N	\N
Jhandewalan - Flatted Factories Complex 	New Delhi	Jhandewalan FF complex 	Flatted factories complex Rani jhansi road 	Paharganj 	28.647924	77.204468	Indoor - Single Level	Govt - Open - Not Authorized to anyone	Cemented	No	N	No ticket	Shared Single gate for Entry as well as Exit	Open All Days	09:00:00 AM - 09:00:00 PM	Car 2 Weelers	250	100	Free	Free Parking	Free parking.	Free parking.	No such option	No	Very much secured parking car can be left overnight at parking.	\N	50	30	60	54	\N	\N	\N
Jhandewalan Extension - Cycle Market 	New Delhi	Jhandewalan karol bagh	Jhandewalan extension cycle market 	Near by videocon tower karol bagh	28.645678	77.204063	Open - Road Side	Private - subcontracted	Cemented	No	N	Manually - Hand written	Shared Single gate for Entry as well as Exit	Open All Days	09:00:00 AM - 10:00:00 PM	Car 2 Weelers	100	20	Paid	Cash	Rs 20 per hour	Rs 10 per hour	No such option	No	No	\N	50	30	62	55	\N	\N	\N
Jhandewalan - DDA building Cycle Market	New Delhi	Jhandewalan near by videocon tower	DDA building cycle market 	Near by videocon tower jhandewalan 	28.64603	77.202797	Open - Road Side	Private - subcontracted	Mud	No	N	Manually - Hand written	Shared Single gate for Entry as well as Exit	Open All Days	09:00:00 AM - 07:00:00 PM	Car 2 Weelers	20	60	Paid	Cash	Rs 20 per hour	Rs 10 per hour	No such option	Yes	No	\N	50	30	63	56	\N	\N	\N
Jhandewalan - Videocon Tower Parking 	New Delhi	Jhandewalan extension 	Videocon tower parking	Jhandewalan extension 	28.645205	77.20256	Open - Road Side	Private - self managed	Cemented	No	N	No ticket	Multi gates for Entry as well as Exit	Open All Days	12:00:00 AM - 11:59:00 PM	Car 2 Weelers	50	30	Paid	Cash	Rs 20 per hour	Rs 10 per hour	Monthly Pass	No	No	\N	50	30	64	57	\N	\N	\N
Jhandewalan Extension - Near Income Tax Office 	New Delhi	Jhandewalan karol bagh	Jhandewalan extension 	Near income tax office 	28.645821	77.201729	Open - Road Side	Private - self managed	Cemented	No	N	Manually - Hand written	Multi gates for Entry as well as Exit	Open All Days	10:00:00 AM - 07:00:00 PM	Car	20	0	Paid	Cash	20 rs for first hour 10 for the next subsequent hours	Not applicable.	No such option	No	No	\N	50	30	65	58	\N	\N	\N
Jhandewalan Extension -  Alankit Assignment Limited 	New Delhi	Jhandewalan extension 	Jhandewalan extension 	Near by alankit assignment limited 	28.644932	77.202248	Open - Road Side	Not known	Cemented	No	N	No ticket	Multi gates for Entry as well as Exit	Open All Days	12:00:00 AM - 11:59:00 PM	Car 2 Weelers	40	20	Free	Free Parking	Free parking 	Free parking.	No such option	No	No	\N	50	30	66	59	\N	\N	\N
Madhuban Chowk  	New Delhi	Madhuban chowk pitampura 	Madhuban chowk Red light 	Near by govt school pitampura 	28.703487	77.132607	Open - Road Side	Not known	Cemented	No	N	No ticket	Multi gates for Entry as well as Exit	Open All Days	12:00:00 AM - 11:59:00 PM	Car 2 Weelers	100	20	Free	Free Parking	Free parking.	Free parking.	No such option	No	No	\N	50	30	68	60	\N	\N	\N
Madhuban chowk Shiva Hardware Market 	New Delhi	Madhuban chowk pitampura 	Madhuban chowk shiva harware market 	After crossing madhuban chowk Red light 	28.701443	77.128876	Open - Covered bounderies	Govt - Subcontracted	Mud	No	N	Manually - Hand written	Shared Single gate for Entry as well as Exit	Open All Days	08:00:00 AM - 10:00:00 PM	Car 2 Weelers	100	20	Paid	Cash	Rs 20 per hour	Rs 10 per hour	Monthly Pass	No	No	\N	50	30	70	61	\N	\N	\N
Rani Bagh - Sita Ram Mandir 	New Delhi	Rani bagh	Rani bagh near sita ram mandir 	Pitampura 	28.683277	77.13652	Open - Road Side	Govt - Open - Not Authorized to anyone	Cemented	No	N	No ticket	Multi gates for Entry as well as Exit	Open All Days	12:00:00 AM - 11:59:00 PM	Car	50	0	Free	Free Parking	Free parking. 	Not applicable. 	No such option	No	No	\N	50	30	71	62	\N	\N	\N
Karol Bagh - Gupta Market	New Delhi	Karol bagh gupta market 	Metro view hotel gupta market 	Karol bagh 	\N	\N	Open - Road Side	Private - self managed	Cemented	No	N	No ticket	Multi gates for Entry as well as Exit	Open All Days	12:00:00 AM - 11:59:00 PM	Car 2 Weelers	40	20	Free	Free Parking	Free parking. 	Free parking. 	No such option	No	No	\N	50	30	72	63	\N	\N	\N
Paharganj - RG City Centre	New Delhi	Paharganj 	RG centre  delhi knighter lounge bar	Paharganj bus stand 	28.64637	77.207619	Indoor - Single Level	Private - subcontracted	Pawment	No	N	No ticket	Shared Single gate for Entry as well as Exit	Open All Days	09:00:00 AM - 07:00:00 PM	Car 2 Weelers	30	15	Free	Free Parking	Free parking.	Free parking.	No such option	Yes	No	\N	200	140	59	64	\N	\N	\N
Rohini Court	New Delhi	Madhuban chowk pitampura 	Rohini court madhuban chowk crossing 	Pitampura 	28.706657	77.132607	Open - Road Side	Govt - Open - Not Authorized to anyone	Cemented	No	N	No ticket	Multi gates for Entry as well as Exit	Open All Days	12:00:00 AM - 11:59:00 PM	Car 2 Weelers	50	20	Free	Free Parking	Free.	Free.	No such option	No	No	\N	200	140	69	65	\N	\N	\N
Jhandewalan - Anarkali Complex	New Delhi	Jhandewalan 	Anarkali complex jhandewalan 	Behind videocon tower 	28.644812	77.202522	Indoor - Single Level	Private - subcontracted	Cemented	No	N	Manually - Hand written	Single entry gate and Single exit gate	Open All Days	09:00:00 AM - 09:00:00 AM	Car 2 Weelers	40	80	Paid	Cash	Rs 20 per hour	Rs 10 per hour	Monthly Pass	No	No	\N	150	110	67	66	\N	\N	\N
Jhandewalan - E-block 	New Delhi	Jhandewalan ambedkar bhawan road 	E-block jhandewalan ambedkar bhawan road	 near by Axis bank 	28.645113	77.204109	Open - Road Side	Govt - Subcontracted	Mud	No	N	Manually - Hand written	Shared Single gate for Entry as well as Exit	Open All Days	12:00:00 AM - 11:59:00 PM	Car 2 Weelers	200	150	Paid	Cash	Rs 20 per hour	Rs 10 per hour	No such option	No	No	\N	150	125	61	67	\N	\N	\N
Paharganj - RG City Centre 	New Delhi	Paharganj 	RG city centre paharganj 	Near by police station 	28.646486	77.208031	Open - Covered bounderies	Govt - Subcontracted	Mud	No	Y	No ticket	Shared Single gate for Entry as well as Exit	Open All Days	12:00:00 AM - 11:59:00 PM	Car 2 Weelers Bus	100	50	Free	Free Parking	Free parking.	Free parking.	No such option	No	No	\N	150	125	58	68	\N	\N	\N
Karol Bagh - Baptist Church  	New Delhi	Karol bagh	Baptist church near by police station 	Karol bagh 	\N	\N	Open - Road Side	Not known	Cemented	No	N	No ticket	Multi gates for Entry as well as Exit	Open All Days	12:00:00 AM - 11:59:00 PM	Car	30	0	Free	Free Parking	Free parking. 	Not applicable. 	No such option	No	No	\N	50	30	73	69	\N	\N	\N
Karol Bagh - PC jewellers 	New Delhi	Karol bagh gupta market 	PC jewellers gupta market 	Karol bagh	\N	\N	Open - Road Side	Govt - Open - Not Authorized to anyone	Cemented	No	N	No ticket	Multi gates for Entry as well as Exit	Open All Days	12:00:00 AM - 11:59:00 PM	Car 2 Weelers	50	20	Free	Free Parking	Free parking. 	Free parking. 	No such option	No	No	\N	50	30	74	70	\N	\N	\N
Connaught Place - Super Bazar	New Delhi	Super bazar cannought place 	Near Hotel Alka Premier and pizza hut 	Near by super market bus stand CP 	\N	\N	Open - Road Side	Private - subcontracted	Cemented	No	Y	Manually - Hand written	Shared Single gate for Entry as well as Exit	Open All Days	08:00:00 AM - 09:00:00 PM	Car	30	0	Paid	Cash	Rs 20 per hour	Not applicable. 	Monthly Pass	No	No	\N	50	30	76	71	\N	\N	\N
Connaught Place - M - block	New Delhi	M block outer circle CP 	M - block near by indian grill company	M- block outer circle CP 	\N	\N	Open - Covered bounderies	Private - subcontracted	Cemented	No	N	Manually - Hand written	Shared Single gate for Entry as well as Exit	Open All Days	09:00:00 AM - 11:59:00 PM	Car	60	0	Paid	Cash	20 rs per hour max 100	Not applicable. 	Monthly Pass	No	No	\N	50	30	78	72	\N	\N	\N
Connaught Place M- block	New Delhi	M-block HP petroleum CP	M - block HP Petroleum Near Oriental Bank of Commerce	Near HP petroleum CP	\N	\N	Open - Road Side	Private - subcontracted	Cemented	No	N	Manually - Hand written	Shared Single gate for Entry as well as Exit	Open All Days	12:00:00 AM - 11:59:00 PM	Car	50	0	Free	Free Parking	Free parking. 	Not applicable.	No such option	Yes	No	\N	50	30	80	73	\N	\N	\N
Connaught Place N - block	New Delhi	N - block  near adidas showroom on indira chowk	N - block  near adidas showroom 	On indira chowk CP 	\N	\N	Open - Covered bounderies	Private - subcontracted	Cemented	No	N	Manually - Hand written	Shared Single gate for Entry as well as Exit	Open All Days	11:00:00 AM - 11:59:00 PM	Car	20	0	Paid	Cash	20 for 1st hour 100 max	Not applicable. 8	Monthly Pass	No	No	\N	50	30	81	74	\N	\N	\N
Connaught Place F-block	New Delhi	F-block middle circle  CP 	F-block middle circle Maruti suzuki showroom 	Near by wine and beer shop CP	\N	\N	Open - Road Side	Not known	Cemented	No	N	No ticket	Multi gates for Entry as well as Exit	Open All Days	12:00:00 AM - 11:59:00 PM	Car	50	10	Free	Free Parking	Free parking. 	Free parking. 	No such option	No	No	\N	50	30	82	75	\N	\N	\N
Connaught Place M - block Indira Chowk	New Delhi	M - Block on indira chowk beside adidas 	M - block  on indira chowk 	In front of statesman house  CP	\N	\N	Open - Covered bounderies	Govt - Subcontracted	Cemented	No	N	Mobile App having Blue Tooth Printer	Single entry gate and Single exit gate	Open All Days	09:00:00 AM - 09:00:00 PM	Car	40	0	Paid	Cash	Rs 20 per hour	Not applicable. 	Monthly Pass	No	No	\N	50	30	83	76	\N	\N	\N
Barakhamba Road - New Delhi House Building	New Delhi	New Delhi House Building Barakhamba	New delhi house building behind the building 	Barakhamba road CP	\N	\N	Open - Road Side	Not known	Cemented	No	N	No ticket	Multi gates for Entry as well as Exit	Open All Days	12:00:00 AM - 11:59:00 PM	Car 2 Weelers	50	20	Free	Free Parking	Free parking. 	Free parking. 	No such option	No	No	\N	50	30	85	77	\N	\N	\N
Basti Nizamuddin West	New Delhi	Nizamuddin	Basti Hazrat Nizamuddin West 110013	\N	28.591516	77.244041	Open - Covered bounderies	Govt - Open - Not Authorized to anyone	Cemented	No	N	No ticket	Single entry gate and Single exit gate	Open All Days	12:00:00 AM - 11:59:00 PM	Car 2 Weelers	40	20	Free	Free Parking	Free	Free 	No such option	No	No	\N	100	70	1	78	\N	\N	\N
Gurudwara Damdama Sahib	New Delhi	Nizamuddin	Block A Nizamuddin East Nizamuddin New Delhi Delhi 110013	\N	28.594902	77.252884	Open - Covered bounderies	Govt - Open - Not Authorized to anyone	Cemented	No	N	No ticket	Multi gates for Entry as well as Exit	Open All Days	12:00:00 AM - 11:59:00 PM	Car 2 Weelers Bus	150	40	Free	Free Parking	Free	Free	No such option	No	No	\N	100	70	25	79	\N	\N	\N
Karol Bagh - Punjab National Bank	New Delhi	Karol bagh gupta market 	Punjab national bank beside jagirilaj 	Gupta market  karol bagh 	\N	\N	Open - Road Side	Govt - Open - Not Authorized to anyone	Cemented	No	N	No ticket	Multi gates for Entry as well as Exit	Open All Days	12:00:00 AM - 11:59:00 PM	Car 2 Weelers	40	15	Free	Free Parking	Free parking. 	Free parking. 	No such option	No	No	\N	100	70	75	80	\N	\N	\N
Barakhamba Road - Statesmen House 	New Delhi	Barakhamba Road 	Statesmen house back near by axis bank	Barakhamba road  CP	28.630525	77.22411	Open - Covered bounderies	Govt - Subcontracted	Cemented	No	N	Mobile App having Blue Tooth Printer	Single entry gate and Single exit gate	Open All Days	08:00:00 AM - 11:00:00 PM	Car 2 Weelers	80	150	Paid	Cash	20 per hour max 100	Rs 10 per hour max 100	Monthly Pass	No	Charges on monthly passes only for 22 days not for the  entire month.	\N	100	70	86	81	\N	\N	\N
Connaught Place M - block	New Delhi	M - block near  chilis' bar CP	M- BLOCK near by chilli's bar 	Outer circle CP 	\N	\N	Open - Covered bounderies	Govt - Subcontracted	Cemented	No	N	Manually - Hand written	Shared Single gate for Entry as well as Exit	Open All Days	09:00:00 AM - 11:59:00 PM	Car	30	0	Paid	Cash	Rs 20 per hour	Not applicable. 	No such option	No	No	\N	200	140	79	82	\N	\N	\N
Connaught Place - Hdfc bank 	New Delhi	Super bazar bus stand Cp	Hotel bright hdfc bank 	Near by super bazar cannought place 	\N	\N	Open - Road Side	Private - subcontracted	Cemented	No	Y	Manually - Hand written	Shared Single gate for Entry as well as Exit	Open All Days	09:00:00 AM - 11:00:00 PM	Car	50	0	Paid	Cash	Rs 20 per hour	Not applicable. 	Monthly Pass	No	No	\N	150	110	77	83	\N	\N	\N
Gopaldas ARDEE -  Indira Red Light	New Delhi	Barakhamba Road CP 	Gopaldas ARDEE on Indira red light	Barakhamba road CP 	28.631343	77.223397	Open - Road Side	Govt - Subcontracted	Cemented	No	N	Mobile App having Blue Tooth Printer	Multi gates for Entry as well as Exit	Open All Days	08:00:00 AM - 11:00:00 PM	Car 2 Weelers	60	10	Paid	Cash	20 rs for 1st hour max 100	10rs for 1st hour 50 max	Monthly Pass	No	Charges on monthly passes only for 22 days not for the entire month.	\N	150	125	87	84	\N	\N	\N
Connaught Place N-block Punjab National Bank 	New Delhi	Cannought Place n - block 	N - block near punjab national bank 	 on indira chowk  CP	\N	\N	Open - Covered bounderies	Govt - Subcontracted	Cemented	No	N	Mobile App having Blue Tooth Printer	Shared Single gate for Entry as well as Exit	Open All Days	09:00:00 AM - 11:59:00 PM	Car	50	0	Paid	Cash	Rs 20 per hour	Not applicable. 	Monthly Pass	No	No	\N	50	20	84	85	\N	\N	\N
Shalimar Bagh - Indian Oil Fuel Pump	New Delhi	Shalimar bagh 	Indian oil pump shalimar bagh 	Near Bhavishaya nidhi bhawan. 	28.70171	77.166862	Open - Covered bounderies	Govt - Subcontracted	Cemented	No	N	Manually - Hand written	Shared Single gate for Entry as well as Exit	Open All Days	08:00:00 AM - 10:00:00 PM	Car 2 Weelers	100	80	Paid	Cash	20 for first hour 10 for next subsequent hours.	10 rs for first hour 5 rs for next subsequent hours.	Monthly Pass	No	No	\N	100	70	55	86	\N	\N	\N
Connaught Place -  F Block 	New Delhi	F-Block inner circle gate no. 5 rajiv chowk	F-block inner circle gate no.5 near union bank rajiv chowk	F-block inner circlegate no.5 near union bank opposite public toilet rajiv chowk	28.631922	77.220703	Open - Covered bounderies	Govt - Subcontracted	Cemented	Yes	Y	Stand alone printer	Single entry gate and Single exit gate	Open All Days	09:00:00 AM - 11:00:00 PM	Car 2 Weelers	200	150	Paid	Cash	Rs 20 per hour	Rs 10 per hour	Monthly Pass	No	Car wash on demand (extra charges for this service)	Well maintained	150	110	17	87	\N	\N	\N
Jahangirpuri - Metro Authorised Parking 	New Delhi	Jahangirpuri 	Jahangir puri metro  	Patking agency- m/s manoj computer	28.72542191	77.16333008	Open - Covered bounderies	Govt - Subcontracted	Cemented	No	Y	Stand Alone printer	Multi gates for Entry as well as Exit	Open All Days	06:00:00 AM - 11:00:00 PM	Car 2 Weelers	250	500	Paid	Cash	20 up to 6 hours 30 for 12 hours	10 up to 6 hours 15 up to 12	Monthly Pass	No	No	\N	91	35	98	98	\N	\N	\N
Azadpur - Commercial Complex	New Delhi	Akash Cinema 	Azadpur bus depot	Akash cinema 	28.70976257	77.17796326	Open - Covered bounderies	Govt - Open - Not Authorized to anyone	Mud	No	N	No ticket	Multi gates for Entry as well as Exit	Open All Days	12:00:00 AM - 12:00:00 PM	Car 2 Weelers	200	250	Free	Free Parking	Free parking 	Free parking 	No such option	No	No	\N	119	137	99	99	\N	\N	\N
ISBT Kashmere Gate -  Bus Stand	New Delhi	Inter State Bus Stand	Kashmere gate 	\N	28.66860771	77.22953796	Open - Covered bounderies	Not known	Cemented	Yes	N	No ticket	Multi gates for Entry as well as Exit	Open All Days	07:00:00 AM - 11:00:00 PM	Car 2 Weelers	300	400	Free	Free Parking	Free 	Free	No such option	No	Guards.	Very Neat and organised parking.	66	7	100	100	\N	\N	\N
Madhuban Chowk - Bus Stand	New Delhi	Bus Stand	Madhuban chowk 	Pitampura metro station 	28.703096	77.129779	Open - Road Side	Govt - Open - Not Authorized to anyone	Cemented	No	N	No ticket	Multi gates for Entry as well as Exit	Open All Days	12:00:00 PM - 12:00:00 AM	Car 2 Weelers	100	200	Free	Free Parking	Free	Free	No such option	No	No	\N	35	102	101	101	\N	\N	\N
Kohat Enclave - Metro Station 	New Delhi	Kohat Enclave Bus Stand 	Kohat Enclave Bus Stand & Metro Station	\\Metro Station	28.69658661	77.14331055	Open - Road Side	Govt - Open - Not Authorized to anyone	Cemented	No	N	No ticket	Multi gates for Entry as well as Exit	Open All Days	12:00:00 PM - 12:00:00 AM	Car 2 Weelers	250	300	Free	Free Parking	Free	Free	No such option	No	No	Parking available either side of the road 	23	170	102	102	\N	\N	\N
Netaji Subhash Place -  Bus Stand 	New Delhi	Subhash place Pitampura	Subhash Place 	PP tower 	28.6941169	77.1510655	Open - Road Side	Govt - Subcontracted	Cemented	Yes	N	Manually - Hand written	Multi gates for Entry as well as Exit	Open All Days	09:00:00 AM - 11:00:00 PM	Car 2 Weelers	25	40	Paid	Cash	Rs 20 per hour	Rs 10 per hour	No such option	No	No	\N	196	144	103	103	\N	\N	\N
Netaji Subhash place -  Office Parking 	New Delhi	Subhash place pitampura 	Subhash place Pitampura  Flow Tech Group of Industries 	Flow tech group of idustries 	28.692222	77.150673	Open - Covered bounderies	Not known	Pawment	Yes	N	No ticket	Single entry gate and Single exit gate	Open All Days	09:00:00 AM - 10:00:00 PM	Car 2 Weelers	20	25	Free	Free Parking	Free	Free	No such option	No	No	Well maintained and provided with guard.	187	95	104	104	\N	\N	\N
Netaji Subhash Place	New Delhi	Nsp subhash place pitampura	\N	Near by PIET institute 	28.6961009	77.1527008	Open - Covered bounderies	Govt - Subcontracted	Cemented	No	N	Manually - Hand written	Single entry gate and Single exit gate	Open All Days	09:00:00 AM - 11:00:00 PM	2 Weelers	0	40	Paid	Cash	Car parking not available 	Rs 10 per hour	No such option	No	10 Rs for 1st hour Rs5/per hour	\N	152	145	105	105	\N	\N	\N
Netaji Subhash Place - Foot Over Bridge   	New Delhi	Nsp pitampura 	Footover Bridge 	Near Zever Jewellery Showroom 	28.69384575	77.15020752	Open - Covered bounderies	Not known	Pawment	Yes	N	No ticket	Single entry gate and Single exit gate	Open All Days	12:00:00 PM - 12:00:00 AM	Car	40	0	Free	Free Parking	Free	Not allowed 	No such option	No	No	\N	16	15	106	106	\N	\N	\N
Pitampura - Netaji Subhash Place 	New Delhi	Nsp near by pizza hut and stanmax	Pitampura 	In front of pizza hut and stanmax	28.69402122	77.1495285	Open - Covered bounderies	Govt - Open - Not Authorized to anyone	Pawment	Yes	N	No ticket	Multi gates for Entry as well as Exit	Open All Days	12:00:00 PM - 12:00:00 AM	Car 2 Weelers	30	25	Free	Free Parking	No charges.	No charges.	No such option	No	No	Clean and well-maintained parking 	53	162	107	107	\N	\N	\N
Pitampura - Netaji Subhash Place  	New Delhi	Nsp pitampura 	Nsp pitampura beside pizza hut 	Road to asia pacific	\N	\N	Open - Road Side	Govt - Subcontracted	Cemented	No	N	Manually - Hand written	Multi gates for Entry as well as Exit	Open All Days	09:00:00 AM - 10:00:00 PM	Car	25	0	Paid	Cash	Rs 20 per hour	Not applicable.	No such option	No	No	\N	89	149	108	108	\N	\N	\N
Azadpur -  Gupta Tower	New Delhi	Azadpur 	Near by Gupta Tower	On road leading to Mukundpur Village	28.71066093	77.17772675	Open - Road Side	Govt - Open - Not Authorized to anyone	Cemented	No	N	No ticket	Multi gates for Entry as well as Exit	Open All Days	12:00:00 PM - 12:00:00 AM	Car 2 Weelers	30	50	Free	Free Parking	Free parking.	Free parking.	No such option	No	No	Not organised at all not guarded by anyone seems unsafe parking.	170	96	109	109	\N	\N	\N
Azadpur - Naniwala Bagh Complex	New Delhi	Azadpur 	Naniwala Bagh Complex 	Behind Aradhana Bhawan 	28.71080589	77.17857361	Open - Covered bounderies	Govt - Subcontracted	Pawment	No	N	Manually - Hand written	Multi gates for Entry as well as Exit	Open All Days	09:00:00 AM - 09:00:00 PM	Car 2 Weelers	50	60	Paid	Cash	Rs 20 per hour	Rs 10 per hour	No such option	No	No	Completely chaotic.	137	50	110	110	\N	\N	\N
Model town 	New Delhi	Model town 2	Near Mcdonald	\N	28.7059	77.1902	Open - Road Side	Govt - Subcontracted	Cemented	No	N	Manually - Hand written	Multi gates for Entry as well as Exit	Open All Days	08:00:00 AM - 10:00:00 PM	Car	50	0	Paid	Cash	Rs 20 per hour	Not applicable.	No such option	Yes	20rs for first hour beyond that 10rs hour 	\N	164	52	111	111	\N	\N	\N
Connaught Place -  F Block 	New Delhi	F-Block inner circle gate no. 5 rajiv chowk	F-block inner circle gate no.5 near union bank rajiv chowk	F-block inner circlegate no.5 near union bank opposite public toilet rajiv chowk	28.63192177	77.22070313	Open - Covered bounderies	Govt - Subcontracted	Cemented	Yes	Y	Stand alone printer	Single entry gate and Single exit gate	Open All Days	09:00:00 AM - 11:00:00 PM	Car 2 Weelers	200	150	Paid	Cash	Rs 20 per hour	Rs 10 per hour	Monthly Pass	No	Car wash on demand (extra charges for this service)	Well maintained	157	192	112	112	\N	\N	\N
Connaught Place - B Block	New Delhi	Block-B RR-3 Metro Station gate no. 1 rajiv chowk	Block-B RR-3 Metro Station gate no. 1 near wildcraft showroom rajiv chowk	Block-B RR-3 Metro Station gate no. 1 near wildcraft and bata showroom rajiv chowk	28.63390732	77.21897888	Open - Covered bounderies	Govt - Subcontracted	Cemented	Yes	Y	Stand alone printer	Single entry gate and Single exit gate	Open All Days	06:00:00 AM - 11:00:00 PM	Car 2 Weelers	200	130	Paid	Cash	Rs 20 per hour	Rs 10 per hour	Monthly Pass	No	No	Neat and clean parking	94	48	113	113	\N	\N	\N
Banglasaheb Gurudwara 	New Delhi	Rajiv Chowk	Rajiv Chowk	Banglasaheb gurudwara near YMCA organization 	28.62636566	77.21054077	Indoor - Multi Level	Govt - Open - Not Authorized to anyone	Cemented	Yes	N	Manually - Hand written	Single entry gate and Single exit gate	Open All Days	12:00:00 PM - 12:00:00 AM	Car 2 Weelers	2000	50	Free	Free Parking	Free parking 	Free parking 	No such option	No	No	Clean and safe parking with proper arrangements.	26	13	114	114	\N	\N	\N
Pitampura - Saraswati vihar	New Delhi	Pitampura Madhuban Chowk	Saraswati Vihar Behind Bus Stand 	Near Wills lifestyle Metro Station	\N	\N	Open - Road Side	Not known	Cemented	No	N	No ticket	Single entry gate and Single exit gate	Open All Days	12:00:00 PM - 12:00:00 AM	Car 2 Weelers	60	20	Free	Free Parking	Free parking.	Free parking.	No such option	No	No	\N	185	92	115	115	\N	\N	\N
Hazarat Nizamuddin Police Station	New Delhi	Nizamuddin	Lodhi Rd Near Sabz Burj Nizamuddin West New Delhi Delhi 110013	\N	28.59254265	77.24382019	Open - Road Side	Govt - Open - Not Authorized to anyone	Cemented	No	N	No ticket	Multi gates for Entry as well as Exit	Open All Days	12:00:00 AM - 11:59:00 PM	Car 2 Weelers	40	30	Free	Free	Free	Free	No such option	No	No	2 Wheeler Parking is on the pavement	20	19	116	116	\N	\N	\N
Basti Nizamuddin West	New Delhi	Nizamuddin	Basti Hazrat Nizamuddin West 110013	\N	28.59151649	77.24404144	Open - Covered bounderies	Govt - Open - Not Authorized to anyone	Cemented	No	N	No ticket	Single entry gate and Single exit gate	Open All Days	12:00:00 AM - 11:59:00 PM	Car 2 Weelers	40	20	Free	Free Parking	Free	Free 	No such option	No	No	\N	194	42	117	117	\N	\N	\N
Humayun Tomb Interpretation Center	New Delhi	Nizamuddin	 Mathura Road Opposite Dargah Nizamuddin New Delhi Delhi 110013	\N	28.59306717	77.24456787	Open - Covered bounderies	Govt - Subcontracted	Cemented	No	N	Manually - Hand written	Shared Single gate for Entry as well as Exit	Open All Days	06:30:00 AM - 06:30:00 PM	Car 2 Weelers	80	25	Paid	Cash	Rs 10 per Parking	Rs 10 per parking	No such option	No	No	\N	189	189	118	118	\N	\N	\N
Humayun Tomb Bus/Travellers	New Delhi	Nizamuddin	 Mathura Road Opposite Dargah Nizamuddin New Delhi Delhi 110013	\N	28.59408188	77.24598694	Open - Covered bounderies	Govt - Subcontracted	Cemented	No	N	Manually - Hand written	Single entry gate and Single exit gate	Open All Days	06:30:00 AM - 06:30:00 PM	Bus	0	0	Paid	Cash	No Cars	No 2 wheelers	No such option	No	No	Bus parking space - 8 to 10 Charges Rs 50 per parking	185	175	119	119	\N	\N	\N
Humayun Tomb	New Delhi	Nizamuddin	 Mathura Road Opposite Dargah Nizamuddin New Delhi Delhi 110013	\N	28.5942173	77.24705505	Open - Covered bounderies	Govt - Open - Not Authorized to anyone	Cemented	No	N	No ticket	Multi gates for Entry as well as Exit	Open All Days	12:00:00 AM - 11:59:00 PM	Car 2 Weelers	50	25	Free	Free Parking	Free	Free	No such option	No	No	\N	83	137	120	120	\N	\N	\N
Gurudwara Damdama Sahib	New Delhi	Nizamuddin	Block A Nizamuddin East Nizamuddin New Delhi Delhi 110013	\N	28.59490204	77.25288391	Open - Covered bounderies	Govt - Open - Not Authorized to anyone	Cemented	No	N	No ticket	Multi gates for Entry as well as Exit	Open All Days	12:00:00 AM - 11:59:00 PM	Car 2 Weelers Bus	150	40	Free	Free Parking	Free	Free	No such option	No	No	\N	120	99	121	121	\N	\N	\N
Nizamuddin East Market	New Delhi	Nizamuddin	8 Nizamuddin East Market New Delhi Delhi 110003	\N	28.5897007	77.25256348	Open - Road Side	Govt - Open - Not Authorized to anyone	Cemented	No	N	No ticket	Multi gates for Entry as well as Exit	Open All Days	12:00:00 AM - 11:59:00 PM	Car 2 Weelers	45	20	Free	Free Parking	Free	Free	No such option	No	No	\N	152	173	122	122	\N	\N	\N
Hazrat Nizamuddin Railway Station	New Delhi	Nizamuddin	Hazrat Nizamuddin Railway Station New Delhi 110013	\N	28.58990288	77.25291443	Open - Covered bounderies	Not known	Cemented	No	N	No ticket	Single entry gate and Single exit gate	Open All Days	12:00:00 AM - 11:59:00 PM	Car 2 Weelers	125	100	Free	Free Parking	Free	Free	No such option	No	No	\N	61	40	123	123	\N	\N	\N
Nizamuddin West Market	New Delhi	Nizamuddin	11 Main Market Nizamuddin West  Delhi - 110013 	\N	28.58945847	77.24544525	Open - Road Side	Govt - Open - Not Authorized to anyone	Cemented	Yes	N	No ticket	Single entry gate and Single exit gate	Open All Days	12:00:00 AM - 11:59:00 PM	Car 2 Weelers	25	15	Free	Free Parking	Free	Free	No such option	No	No	\N	121	30	124	124	\N	\N	\N
Community Center Nizamuddin West	New Delhi	Nizamuddin	Community Center Nizamuddin West New Delhi 110013	\N	28.58946228	77.24516296	Open - Road Side	Govt - Open - Not Authorized to anyone	Cemented	No	N	No ticket	Single entry gate and Single exit gate	Open All Days	12:00:00 AM - 11:59:00 PM	Car 2 Weelers	25	15	Free	Free Parking	Free	Free	No such option	No	No	\N	136	57	125	125	\N	\N	\N
Sai Baba Mandir	New Delhi	Lodhi Colony	3 Lodhi Rd Gokalpuri Institutional Area Lodi Colony New Delhi Delhi 110003	\N	28.58948898	77.22911835	Open - Road Side	Govt - Open - Not Authorized to anyone	Cemented	No	N	No ticket	Single entry gate and Single exit gate	Open All Days	12:00:00 AM - 11:59:00 PM	Car 2 Weelers	20	10	Free	Free Parking	Free	Free	No such option	No	No	\N	80	99	126	126	\N	\N	\N
Sri Sathya Sai International Centre	New Delhi	Lodhi colony	Lodhi Road Bhishm Pitamah Marg New Delhi Delhi 110003	\N	28.58748817	77.23059082	Open - Road Side	Govt - Open - Not Authorized to anyone	Cemented	No	N	No ticket	Single entry gate and Single exit gate	Open All Days	12:00:00 AM - 11:59:00 PM	Car	40	20	Free	Free Parking	Free	Free	No such option	No	No	\N	109	37	127	127	\N	\N	\N
NBCC Place	New Delhi	Lodhi Colony	Bhisham Pitamah Marg Pragati Vihar New Delhi 110003	\N	28.5861721	77.23025513	Open - Road Side	Govt - Open - Not Authorized to anyone	Cemented	No	N	No ticket	Single entry gate and Single exit gate	Open All Days	12:00:00 AM - 11:59:00 PM	Car 2 Weelers	40	15	Free	Free Parking	Free	Free	No such option	No	No	\N	90	3	128	128	\N	\N	\N
Meharchand Market	New Delhi	Lodhi Colony	Meharchand Market Lodi Colony New Delhi Delhi 110003	\N	28.58507347	77.22645569	Open - Road Side	Govt - Open - Not Authorized to anyone	Cemented	No	N	No ticket	Multi gates for Entry as well as Exit	Open All Days	12:00:00 AM - 11:59:00 PM	Car 2 Weelers	100	30	Free	Free Parking	Free	Free	No such option	No	No	\N	85	116	129	129	\N	\N	\N
Palika Maternity Hospital 	New Delhi	Lodhi colony	Block 11 Lodhi Colony Near Khanna Market New Delhi Delhi 110003	\N	28.58369255	77.22205353	Open - Road Side	Govt - Open - Not Authorized to anyone	Pawment	No	N	No ticket	Multi gates for Entry as well as Exit	Open All Days	12:00:00 AM - 11:59:00 PM	Car 2 Weelers	20	10	Free	Free Parking	Free	Free	No such option	No	No	\N	15	69	130	130	\N	\N	\N
Lodhi Colony Market	New Delhi	Lodhi Colony	Lodi Colony Market New Delhi Delhi 110003	\N	28.58461761	77.22367859	Open - Road Side	Govt - Open - Not Authorized to anyone	Cemented	No	N	No ticket	Multi gates for Entry as well as Exit	Open All Days	12:00:00 AM - 11:59:00 PM	Car 2 Weelers	60	25	Free	Free Parking	Free	Free	No such option	No	No	There is one cctv camera outside one of the shops on one side	7	34	131	131	\N	\N	\N
CGHS Wellness Centre	New Delhi	Lodhi Colony	Block No. 4 Dispensary No. 10 Lodi Road Lodi Colony New Delhi Delhi 110003	\N	28.5823288	77.22488403	Open - Covered bounderies	Not known	Cemented	No	N	No ticket	Shared Single gate for Entry as well as Exit	Sun	08:00:00 AM - 03:00:00 PM	Car	10	10	Free	Free Parking	Free	Free	No such option	No	No	\N	87	1	132	132	\N	\N	\N
New Khanna Market	New Delhi	Lodhi Colony	New Khanna Market Lodhi Road New Delhi 110003	\N	28.58011436	77.22212219	Open - Road Side	Govt - Open - Not Authorized to anyone	Cemented	No	N	No ticket	Multi gates for Entry as well as Exit	Open All Days	12:00:00 AM - 11:59:00 PM	Car 2 Weelers	30	20	Free	Free Parking	Free	Free	No such option	No	No	\N	76	76	133	133	\N	\N	\N
Azadpur Metro Station 	New Delhi	Azadpur 	Azadpur metro station 	Azadpur metro station 	28.70660591	77.1820755	Open - Covered bounderies	Govt - Subcontracted	Cemented	No	N	Manually - Hand written	Shared Single gate for Entry as well as Exit	Open All Days	12:00:00 PM - 12:00:00 AM	Car 2 Weelers	120	200	Paid	Cash	20rs for first 6 hours 30 rs beyond that.	10rs for first 6 hours 15rs beyond that.	Monthly Pass	Yes	Monthly pass on the basis of day and night slots.	\N	189	60	134	134	\N	\N	\N
Rafi Marg - Behind Reserve Bank of India 	New Delhi	Central secretariat 	Central Secretariat Rafi Marg 	Indian Newspaper Society 	28.62007713	77.21264648	Open - Road Side	Not known	Cemented	No	N	No ticket	Multi gates for Entry as well as Exit	Open All Days	12:00:00 AM - 12:00:00 PM	Car 2 Weelers	250	50	Free	Free Parking	Free parking.	Free parking.	No such option	No	No	\N	51	72	135	135	\N	\N	\N
Shastri Bhawan	New Delhi	Central secretariat 	Central secretariat Shastri Bhawan	Near by Women and child welfare development.	28.61671638	77.21679688	Open - Road Side	Not known	Cemented	No	N	No ticket	Multi gates for Entry as well as Exit	Open All Days	12:00:00 AM - 12:00:00 PM	Car 2 Weelers	100	30	Free	Free Parking	Free parking 	Free parking 	No such option	No	No	\N	197	171	136	136	\N	\N	\N
Rajiv Chowk- Metro Station Gate No. 4	New Delhi	Rajiv Chowk CP	\N	Near Gate no 4 in front of Farzi cafe	28.63251114	77.22120667	Open - Covered bounderies	Govt - Subcontracted	Cemented	Yes	Y	Manually - Hand written	Multi gates for Entry as well as Exit	Open All Days	06:00:00 AM - 11:59:00 PM	Car 2 Weelers	70	20	Paid	Cash	Rs 20 per hour	Rs 10 per hour	Monthly Pass	No	No	Well organised clean and provided with guard.	171	148	137	137	\N	\N	\N
Connaught Place - C Block	New Delhi	Connaught place	Cannought place C-block	Near by union bank ATM and embassy restaurant & bar.	28.63354492	77.22120667	Open - Covered bounderies	Govt - Subcontracted	Cemented	No	N	Manually - Hand written	Shared Single gate for Entry as well as Exit	Open All Days	08:00:00 AM - 11:00:00 PM	2 Weelers	0	120	Paid	Cash	Not applicable.	10 rs per hour 50 rs one hour onwards for the entire day.	No such option	No	No	\N	143	31	138	138	\N	\N	\N
Connaught Place - E Block	New Delhi	Cannought place E- block	Cannought place E-block 	In front of Equestrain inspired lifestyle  (jump)	28.63348579	77.22109222	Open - Road Side	Govt - Subcontracted	Cemented	No	N	Manually - Hand written	Single entry gate and Single exit gate	Open All Days	06:00:00 AM - 12:00:00 PM	Car	15	0	Paid	Cash	Rs 20 per hour	Not applicable.	Monthly Pass	No	No	\N	188	63	139	139	\N	\N	\N
Connaught Place - D Block 	New Delhi	Cannought place 	Cannought place D block 	Near by rajiv chowk metro station gate no 3 and warehouse cafe.	28.63378906	77.22068024	Open - Covered bounderies	Govt - Subcontracted	Cemented	No	N	Mobile App having Blue Tooth Printer	Shared Single gate for Entry as well as Exit	Open All Days	08:00:00 AM - 11:59:00 PM	Car	40	0	Paid	Cash	Rs 20 per hour	Not applicable.	Monthly Pass	No	No	\N	61	123	140	140	\N	\N	\N
Kohat Enclave Metro Station 	New Delhi	Pitampura near by madhuban chowk	Kohat enclave metro station 	Pitampura near by madhuban chowk. 	28.6977005	77.14160156	Open - Covered bounderies	Govt - Subcontracted	Cemented	No	Y	Manually - Hand written	Shared Single gate for Entry as well as Exit	Open All Days	05:00:00 AM - 11:59:00 PM	Car	250	200	Paid	Cash	Rs 20 per hour	Rs 10 per hour	Monthly Pass	Yes	A printed card to charge for parking 	Nicely maintained and proper way of charging through printed cards  as  compared to other parking.	120	141	141	141	\N	\N	\N
Subhash Place Metro Station 	New Delhi	Pitampura nsp	Netaji subhash place metro station 	Pitampura near by wazirpur 	28.69505692	77.15205383	Open - Covered bounderies	Govt - Subcontracted	Cemented	No	Y	Manually - Hand written	Shared Single gate for Entry as well as Exit	Open All Days	12:00:00 AM - 11:59:00 PM	Car 2 Weelers	200	250	Paid	Cash	Rs 20 per hour	Rs 10 per hour	Monthly Pass	No	No	\N	21	29	142	142	\N	\N	\N
HP TWIN Tower Pitampura	New Delhi	Nsp pitampura 	HP twin power near by Starbucks coffee 	Nsp pitampura 	28.69312096	77.1528244	Open - Road Side	Govt - Subcontracted	Cemented	No	N	Manually - Hand written	Multi gates for Entry as well as Exit	Open All Days	09:00:00 AM - 11:00:00 PM	Car 2 Weelers	10	40	Paid	Cash	Rs 20 per hour	Rs 10 per hour	No such option	No	No	\N	177	110	143	143	\N	\N	\N
D-Mall Parking 	New Delhi	Nsp pitampura 	D-mall parking beside yes bank ATM 	NSP  pitampura 	28.692876	77.152637	Indoor - Single Level	Private - self managed	Cemented	Yes	Y	No ticket	Shared Single gate for Entry as well as Exit	Open All Days	10:00:00 AM - 10:00:00 PM	Car 2 Weelers	100	150	Free	Free Parking	Free parking.	Free parking.	No such option	No	No	\N	31	61	144	144	\N	\N	\N
Haldiram Parking	New Delhi	Nsp pitampura 	Haldiram beside D-mall parking	Nsp pitampura 	28.69312096	77.1528244	Open - Road Side	Govt - Subcontracted	Cemented	No	N	Manually - Hand written	Multi gates for Entry as well as Exit	Open All Days	09:00:00 AM - 10:00:00 PM	Car 2 Weelers	10	40	Paid	Cash	Rs 20 per hour	Rs 10 per hour	Monthly Pass	No	No	\N	25	46	145	145	\N	\N	\N
Netaji Subhash Place - Agarwal Millenium Tower 2	New Delhi	Nsp pitampura 	Agarwal millenium tower 2 	Nsp pitampura 	28.69314575	77.14974976	Open - Road Side	Private - subcontracted	Cemented	No	N	Manually - Hand written	Multi gates for Entry as well as Exit	Open All Days	09:00:00 AM - 11:00:00 PM	Car 2 Weelers	10	25	Paid	Cash	Rs 20 per hour	Rs 10 per hour	No such option	No	No	\N	129	32	146	146	\N	\N	\N
Aggarwal Metro Heights - Mangalam Realtors	New Delhi	Nsp pitampura 	Aggarwal metro heights near by mangalam realtors 	Nsp pitampura 	28.69327927	77.14957428	Open - Road Side	Govt - Subcontracted	Cemented	No	N	Manually - Hand written	Multi gates for Entry as well as Exit	Open All Days	08:00:00 AM - 10:00:00 PM	2 Weelers	0	100	Paid	Cash	Not applicable.	10 rs per hours 15 rs beyond that.	Monthly Pass	No	No	\N	79	16	147	147	\N	\N	\N
Aggarwal Millenium Tower-1	New Delhi	Nsp pitampura 	Aggarwal millenium tower-1 behind pizza hut	Nsp pitampura 	\N	\N	Open - Covered bounderies	Private - subcontracted	Cemented	No	N	Manually - Hand written	Single entry gate and Single exit gate	Open All Days	12:00:00 AM - 11:59:00 PM	Car 2 Weelers	100	150	Paid	Cash	20 for first hour 5rs reduces for next hour.	10 rs for first hour 5 rs after that.	Monthly Pass	Yes	No	\N	32	155	148	148	\N	\N	\N
Kalyan Jewellers - PP Trade Centre	New Delhi	Nsp pitampura 	Kalyan jewellers in front of PP trade centre 	Nsp pitampura 	28.69447327	77.14904022	Open - Road Side	Not known	Cemented	No	N	No ticket	Multi gates for Entry as well as Exit	Open All Days	12:00:00 AM - 11:59:00 PM	Car	80	0	Free	Cash	Free parking.	Free parking.	No such option	No	No	\N	91	21	149	149	\N	\N	\N
Shalimar Bagh - Bus Stand 	New Delhi	Shalimar bagh 	Shalimar bagh bus stand 	Near by maruti suzuki showroom NEXA 	28.70342636	77.16918182	Open - Road Side	Not known	Cemented	No	N	No ticket	Multi gates for Entry as well as Exit	Open All Days	12:00:00 AM - 11:59:00 PM	Car 2 Weelers	50	20	Free	Free Parking	Free parking.	Free parking. 	No such option	No	No	\N	14	142	150	150	\N	\N	\N
Shalimar Bagh - Indian Oil Fuel Pump	New Delhi	Shalimar bagh 	Indian oil pump shalimar bagh 	Near Bhavishaya nidhi bhawan. 	28.70170975	77.16686249	Open - Covered bounderies	Govt - Subcontracted	Cemented	No	N	Manually - Hand written	Shared Single gate for Entry as well as Exit	Open All Days	08:00:00 AM - 10:00:00 PM	Car 2 Weelers	100	80	Paid	Cash	20 for first hour 10 for next subsequent hours.	10 rs for first hour 5 rs for next subsequent hours.	Monthly Pass	No	No	\N	93	11	151	151	\N	\N	\N
Shalimar bagh - Industrial Area	New Delhi	Shalimar bagh 	Industrial area v- block 	Shalimar bagh 	\N	\N	Open - Road Side	Not known	Cemented	No	N	No ticket	Shared Single gate for Entry as well as Exit	Open All Days	12:00:00 AM - 11:59:00 PM	Car 2 Weelers	120	50	Free	Free Parking	Free parking.	Free parking.	No such option	No	No	\N	112	64	152	152	\N	\N	\N
Malviya Nagar - Geeta Bhawan Mandir 	New Delhi	Malviya nagar	Geeta bhawan mandir	Near by malviya nagar metro station 	28.53332138	77.20692444	Open - Road Side	Not known	Mud	No	N	No ticket	Multi gates for Entry as well as Exit	Open All Days	12:00:00 AM - 11:59:00 PM	Car	40	0	Free	Free Parking	Free parking.	Free parking.	No such option	No	No	\N	159	54	153	153	\N	\N	\N
Paharganj - RG City Centre 	New Delhi	Paharganj 	RG city centre paharganj 	Near by police station 	28.64648628	77.2080307	Open - Covered bounderies	Govt - Subcontracted	Mud	No	Y	No ticket	Shared Single gate for Entry as well as Exit	Open All Days	12:00:00 AM - 11:59:00 PM	Car 2 Weelers Bus	100	50	Free	Free Parking	Free parking.	Free parking.	No such option	No	No	\N	95	146	154	154	\N	\N	\N
Paharganj - RG City Centre	New Delhi	Paharganj 	RG centre  delhi knighter lounge bar	Paharganj bus stand 	28.64636993	77.20761871	Indoor - Single Level	Private - subcontracted	Pawment	No	N	No ticket	Shared Single gate for Entry as well as Exit	Open All Days	09:00:00 AM - 07:00:00 PM	Car 2 Weelers	30	15	Free	Free Parking	Free parking.	Free parking.	No such option	Yes	No	\N	116	155	155	155	\N	\N	\N
Jhandewalan - Flatted Factories Complex 	New Delhi	Jhandewalan FF complex 	Flatted factories complex Rani jhansi road 	Paharganj 	28.64792442	77.20446777	Indoor - Single Level	Govt - Open - Not Authorized to anyone	Cemented	No	N	No ticket	Shared Single gate for Entry as well as Exit	Open All Days	09:00:00 AM - 09:00:00 PM	Car 2 Weelers	250	100	Free	Free Parking	Free parking.	Free parking.	No such option	No	Very much secured parking car can be left overnight at parking.	\N	68	36	156	156	\N	\N	\N
Jhandewalan - E-block 	New Delhi	Jhandewalan ambedkar bhawan road 	E-block jhandewalan ambedkar bhawan road	 near by Axis bank 	28.64511299	77.20410919	Open - Road Side	Govt - Subcontracted	Mud	No	N	Manually - Hand written	Shared Single gate for Entry as well as Exit	Open All Days	12:00:00 AM - 11:59:00 PM	Car 2 Weelers	200	150	Paid	Cash	Rs 20 per hour	Rs 10 per hour	No such option	No	No	\N	95	89	157	157	\N	\N	\N
Jhandewalan Extension - Cycle Market 	New Delhi	Jhandewalan karol bagh	Jhandewalan extension cycle market 	Near by videocon tower karol bagh	28.64567757	77.20406342	Open - Road Side	Private - subcontracted	Cemented	No	N	Manually - Hand written	Shared Single gate for Entry as well as Exit	Open All Days	09:00:00 AM - 10:00:00 PM	Car 2 Weelers	100	20	Paid	Cash	Rs 20 per hour	Rs 10 per hour	No such option	No	No	\N	64	72	158	158	\N	\N	\N
Jhandewalan - DDA building Cycle Market	New Delhi	Jhandewalan near by videocon tower	DDA building cycle market 	Near by videocon tower jhandewalan 	28.64603043	77.20279694	Open - Road Side	Private - subcontracted	Mud	No	N	Manually - Hand written	Shared Single gate for Entry as well as Exit	Open All Days	09:00:00 AM - 07:00:00 PM	Car 2 Weelers	20	60	Paid	Cash	Rs 20 per hour	Rs 10 per hour	No such option	Yes	No	\N	198	94	159	159	\N	\N	\N
Jhandewalan - Videocon Tower Parking 	New Delhi	Jhandewalan extension 	Videocon tower parking	Jhandewalan extension 	28.64520454	77.20256042	Open - Road Side	Private - self managed	Cemented	No	N	No ticket	Multi gates for Entry as well as Exit	Open All Days	12:00:00 AM - 11:59:00 PM	Car 2 Weelers	50	30	Paid	Cash	Rs 20 per hour	Rs 10 per hour	Monthly Pass	No	No	\N	132	23	160	160	\N	\N	\N
Jhandewalan Extension - Near Income Tax Office 	New Delhi	Jhandewalan karol bagh	Jhandewalan extension 	Near income tax office 	28.64582062	77.20172882	Open - Road Side	Private - self managed	Cemented	No	N	Manually - Hand written	Multi gates for Entry as well as Exit	Open All Days	10:00:00 AM - 07:00:00 PM	Car	20	0	Paid	Cash	20 rs for first hour 10 for the next subsequent hours	Not applicable.	No such option	No	No	\N	139	61	161	161	\N	\N	\N
Jhandewalan Extension -  Alankit Assignment Limited 	New Delhi	Jhandewalan extension 	Jhandewalan extension 	Near by alankit assignment limited 	28.64493179	77.20224762	Open - Road Side	Not known	Cemented	No	N	No ticket	Multi gates for Entry as well as Exit	Open All Days	12:00:00 AM - 11:59:00 PM	Car 2 Weelers	40	20	Free	Free Parking	Free parking 	Free parking.	No such option	No	No	\N	55	18	162	162	\N	\N	\N
Jhandewalan - Anarkali Complex	New Delhi	Jhandewalan 	Anarkali complex jhandewalan 	Behind videocon tower 	28.64481163	77.20252228	Indoor - Single Level	Private - subcontracted	Cemented	No	N	Manually - Hand written	Single entry gate and Single exit gate	Open All Days	09:00:00 AM - 09:00:00 AM	Car 2 Weelers	40	80	Paid	Cash	Rs 20 per hour	Rs 10 per hour	Monthly Pass	No	No	\N	76	87	163	163	\N	\N	\N
Madhuban Chowk  	New Delhi	Madhuban chowk pitampura 	Madhuban chowk Red light 	Near by govt school pitampura 	28.7034874	77.13260651	Open - Road Side	Not known	Cemented	No	N	No ticket	Multi gates for Entry as well as Exit	Open All Days	12:00:00 AM - 11:59:00 PM	Car 2 Weelers	100	20	Free	Free Parking	Free parking.	Free parking.	No such option	No	No	\N	172	167	164	164	\N	\N	\N
Rohini Court	New Delhi	Madhuban chowk pitampura 	Rohini court madhuban chowk crossing 	Pitampura 	28.70665741	77.13260651	Open - Road Side	Govt - Open - Not Authorized to anyone	Cemented	No	N	No ticket	Multi gates for Entry as well as Exit	Open All Days	12:00:00 AM - 11:59:00 PM	Car 2 Weelers	50	20	Free	Free Parking	Free.	Free.	No such option	No	No	\N	108	186	165	165	\N	\N	\N
Madhuban chowk Shiva Hardware Market 	New Delhi	Madhuban chowk pitampura 	Madhuban chowk shiva harware market 	After crossing madhuban chowk Red light 	28.70144272	77.12887573	Open - Covered bounderies	Govt - Subcontracted	Mud	No	N	Manually - Hand written	Shared Single gate for Entry as well as Exit	Open All Days	08:00:00 AM - 10:00:00 PM	Car 2 Weelers	100	20	Paid	Cash	Rs 20 per hour	Rs 10 per hour	Monthly Pass	No	No	\N	108	200	166	166	\N	\N	\N
Rani Bagh - Sita Ram Mandir 	New Delhi	Rani bagh	Rani bagh near sita ram mandir 	Pitampura 	28.68327713	77.13652039	Open - Road Side	Govt - Open - Not Authorized to anyone	Cemented	No	N	No ticket	Multi gates for Entry as well as Exit	Open All Days	12:00:00 AM - 11:59:00 PM	Car	50	0	Free	Free Parking	Free parking. 	Not applicable. 	No such option	No	No	\N	196	19	167	167	\N	\N	\N
Karol Bagh - Gupta Market	New Delhi	Karol bagh gupta market 	Metro view hotel gupta market 	Karol bagh 	\N	\N	Open - Road Side	Private - self managed	Cemented	No	N	No ticket	Multi gates for Entry as well as Exit	Open All Days	12:00:00 AM - 11:59:00 PM	Car 2 Weelers	40	20	Free	Free Parking	Free parking. 	Free parking. 	No such option	No	No	\N	64	154	168	168	\N	\N	\N
Karol Bagh - Baptist Church  	New Delhi	Karol bagh	Baptist church near by police station 	Karol bagh 	\N	\N	Open - Road Side	Not known	Cemented	No	N	No ticket	Multi gates for Entry as well as Exit	Open All Days	12:00:00 AM - 11:59:00 PM	Car	30	0	Free	Free Parking	Free parking. 	Not applicable. 	No such option	No	No	\N	72	158	169	169	\N	\N	\N
Karol Bagh - PC jewellers 	New Delhi	Karol bagh gupta market 	PC jewellers gupta market 	Karol bagh	\N	\N	Open - Road Side	Govt - Open - Not Authorized to anyone	Cemented	No	N	No ticket	Multi gates for Entry as well as Exit	Open All Days	12:00:00 AM - 11:59:00 PM	Car 2 Weelers	50	20	Free	Free Parking	Free parking. 	Free parking. 	No such option	No	No	\N	100	188	170	170	\N	\N	\N
Karol Bagh - Punjab National Bank	New Delhi	Karol bagh gupta market 	Punjab national bank beside jagirilaj 	Gupta market  karol bagh 	\N	\N	Open - Road Side	Govt - Open - Not Authorized to anyone	Cemented	No	N	No ticket	Multi gates for Entry as well as Exit	Open All Days	12:00:00 AM - 11:59:00 PM	Car 2 Weelers	40	15	Free	Free Parking	Free parking. 	Free parking. 	No such option	No	No	\N	112	167	171	171	\N	\N	\N
Connaught Place - Super Bazar	New Delhi	Super bazar cannought place 	Near Hotel Alka Premier and pizza hut 	Near by super market bus stand CP 	\N	\N	Open - Road Side	Private - subcontracted	Cemented	No	Y	Manually - Hand written	Shared Single gate for Entry as well as Exit	Open All Days	08:00:00 AM - 09:00:00 PM	Car	30	0	Paid	Cash	Rs 20 per hour	Not applicable. 	Monthly Pass	No	No	\N	23	7	172	172	\N	\N	\N
Connaught Place - M - block	New Delhi	M block outer circle CP 	M - block near by indian grill company	M- block outer circle CP 	\N	\N	Open - Covered bounderies	Private - subcontracted	Cemented	No	N	Manually - Hand written	Shared Single gate for Entry as well as Exit	Open All Days	09:00:00 AM - 11:59:00 PM	Car	60	0	Paid	Cash	20 rs per hour max 100	Not applicable. 	Monthly Pass	No	No	\N	78	53	174	174	\N	\N	\N
Connaught Place M - block	New Delhi	M - block near  chilis' bar CP	M- BLOCK near by chilli's bar 	Outer circle CP 	\N	\N	Open - Covered bounderies	Govt - Subcontracted	Cemented	No	N	Manually - Hand written	Shared Single gate for Entry as well as Exit	Open All Days	09:00:00 AM - 11:59:00 PM	Car	30	0	Paid	Cash	Rs 20 per hour	Not applicable. 	No such option	No	No	\N	180	10	175	175	\N	\N	\N
Connaught Place M- block	New Delhi	M-block HP petroleum CP	M - block HP Petroleum Near Oriental Bank of Commerce	Near HP petroleum CP	\N	\N	Open - Road Side	Private - subcontracted	Cemented	No	N	Manually - Hand written	Shared Single gate for Entry as well as Exit	Open All Days	12:00:00 AM - 11:59:00 PM	Car	50	0	Free	Free Parking	Free parking. 	Not applicable.	No such option	Yes	No	\N	76	119	176	176	\N	\N	\N
Connaught Place N - block	New Delhi	N - block  near adidas showroom on indira chowk	N - block  near adidas showroom 	On indira chowk CP 	\N	\N	Open - Covered bounderies	Private - subcontracted	Cemented	No	N	Manually - Hand written	Shared Single gate for Entry as well as Exit	Open All Days	11:00:00 AM - 11:59:00 PM	Car	20	0	Paid	Cash	20 for 1st hour 100 max	Not applicable. 8	Monthly Pass	No	No	\N	70	130	177	177	\N	\N	\N
Connaught Place F-block	New Delhi	F-block middle circle  CP 	F-block middle circle Maruti suzuki showroom 	Near by wine and beer shop CP	\N	\N	Open - Road Side	Not known	Cemented	No	N	No ticket	Multi gates for Entry as well as Exit	Open All Days	12:00:00 AM - 11:59:00 PM	Car	50	10	Free	Free Parking	Free parking. 	Free parking. 	No such option	No	No	\N	136	146	178	178	\N	\N	\N
Connaught Place M - block Indira Chowk	New Delhi	M - Block on indira chowk beside adidas 	M - block  on indira chowk 	In front of statesman house  CP	\N	\N	Open - Covered bounderies	Govt - Subcontracted	Cemented	No	N	Mobile App having Blue Tooth Printer	Single entry gate and Single exit gate	Open All Days	09:00:00 AM - 09:00:00 PM	Car	40	0	Paid	Cash	Rs 20 per hour	Not applicable. 	Monthly Pass	No	No	\N	17	108	179	179	\N	\N	\N
Connaught Place N-block Punjab National Bank 	New Delhi	Cannought Place n - block 	N - block near punjab national bank 	 on indira chowk  CP	\N	\N	Open - Covered bounderies	Govt - Subcontracted	Cemented	No	N	Mobile App having Blue Tooth Printer	Shared Single gate for Entry as well as Exit	Open All Days	09:00:00 AM - 11:59:00 PM	Car	50	0	Paid	Cash	Rs 20 per hour	Not applicable. 	Monthly Pass	No	No	\N	112	124	180	180	\N	\N	\N
Barakhamba Road - New Delhi House Building	New Delhi	New Delhi House Building Barakhamba	New delhi house building behind the building 	Barakhamba road CP	\N	\N	Open - Road Side	Not known	Cemented	No	N	No ticket	Multi gates for Entry as well as Exit	Open All Days	12:00:00 AM - 11:59:00 PM	Car 2 Weelers	50	20	Free	Free Parking	Free parking. 	Free parking. 	No such option	No	No	\N	93	20	181	181	\N	\N	\N
Barakhamba Road - ECE House	New Delhi	Barakhamba Road CP	ECE house near by HDFC bank 	Barakhamba road CP	28.629724	77.225735	Open - Road Side	Not known	Cemented	No	N	No ticket	Multi gates for Entry as well as Exit	Open All Days	12:00:00 AM - 11:59:00 AM	Car	30	0	Free	Free Parking	Free parking. 	Free parking. 	No such option	No	No	\N	124	89	182	182	\N	\N	\N
Barakhamba Road - Statesmen House 	New Delhi	Barakhamba Road 	Statesmen house back near by axis bank	Barakhamba road  CP	28.6305245	77.2241101	Open - Covered bounderies	Govt - Subcontracted	Cemented	No	N	Mobile App having Blue Tooth Printer	Single entry gate and Single exit gate	Open All Days	08:00:00 AM - 11:00:00 PM	Car 2 Weelers	80	150	Paid	Cash	20 per hour max 100	Rs 10 per hour max 100	Monthly Pass	No	Charges on monthly passes only for 22 days not for the  entire month.	\N	38	187	183	183	\N	\N	\N
Gopaldas ARDEE -  Indira Red Light	New Delhi	Barakhamba Road CP 	Gopaldas ARDEE on Indira red light	Barakhamba road CP 	28.631343	77.223397	Open - Road Side	Govt - Subcontracted	Cemented	No	N	Mobile App having Blue Tooth Printer	Multi gates for Entry as well as Exit	Open All Days	08:00:00 AM - 11:00:00 PM	Car 2 Weelers	60	10	Paid	Cash	20 rs for 1st hour max 100	10rs for 1st hour 50 max	Monthly Pass	No	Charges on monthly passes only for 22 days not for the entire month.	\N	43	110	184	184	\N	\N	\N
\.


--
-- Data for Name: parkinglots_Details; Type: TABLE DATA; Schema: public; Owner: postgres
--

COPY public."parkinglots_Details" (id, parking_id, parking_name, city, parking_location, address_1, address_2, latitude, longitude, physical_appearance, parking_ownership, parking_surface, has_cctv, has_boom_barrier, ticket_generated, entry_exit_gates, weekly_off, parking_timing, vehicle_types, car_capacity, two_wheeler_capacity, parking_type, payment_modes, car_parking_charge, two_wheeler_parking_charge, allows_prepaid_passes, provides_valet_services, value_added_services, notes, total_slots, available_slots, address1, address2, two_wheeler_parking_carge) FROM stdin;
\.


--
-- Data for Name: parkingsessions; Type: TABLE DATA; Schema: public; Owner: postgres
--

COPY public.parkingsessions (ticket_id, slot_id, vehicle_reg_no, start_time, end_time, user_id) FROM stdin;
TKT-2-1745475164	2	ABC1234	2025-04-24 11:42:44.397095	\N	101
TKT-1-1745475617	1	ABC1234	2025-04-24 11:50:17.899158	\N	101
TKT-3-1745475648	3	ABC1234	2025-04-24 11:50:48.820865	\N	101
TKT-4-1745476116	4	ABC1234	2025-04-24 11:58:36.917034	\N	101
TKT-5-1745476380	5	ABC1234	2025-04-24 12:03:00.413098	\N	101
TKT-8-1745476924	8	xyz	2025-04-24 12:12:04.038599	2025-04-24 12:47:59.327086	106
\.


--
-- Data for Name: reservations; Type: TABLE DATA; Schema: public; Owner: postgres
--

COPY public.reservations (reservation_id, slot_id, hour, reserved, user_id) FROM stdin;
\.


--
-- Data for Name: rows; Type: TABLE DATA; Schema: public; Owner: postgres
--

COPY public.rows (row_id, floor_id, row_name) FROM stdin;
2	1	Row D
\.


--
-- Data for Name: slots; Type: TABLE DATA; Schema: public; Owner: postgres
--

COPY public.slots (slot_id, row_id, slot_name, status, vehicle_reg_no, ticket_id, user_id) FROM stdin;
2	\N	\N	0	ABC1234	TKT-2-1745475164	101
1	\N	\N	0	ABC1234	TKT-1-1745475617	101
3	\N	\N	0	ABC1234	TKT-3-1745475648	101
4	\N	\N	0	ABC1234	TKT-4-1745476116	101
6	\N	\N	\N	\N	\N	\N
5	\N	\N	0	ABC1234	TKT-5-1745476380	101
7	\N	\N	\N	\N	\N	\N
8	\N	\N	1	\N	\N	\N
\.


--
-- Data for Name: users; Type: TABLE DATA; Schema: public; Owner: postgres
--

COPY public.users (user_id, user_address, user_email, user_name, user_password, user_phone_no) FROM stdin;
79	Noida	ragini2@gmail.com	Ragini2	ragini@123	24424242424
\.


--
-- Name: floors_floor_id_seq; Type: SEQUENCE SET; Schema: public; Owner: postgres
--

SELECT pg_catalog.setval('public.floors_floor_id_seq', 1, true);


--
-- Name: parking_data_id_seq; Type: SEQUENCE SET; Schema: public; Owner: postgres
--

SELECT pg_catalog.setval('public.parking_data_id_seq', 184, true);


--
-- Name: parking_data_parking_id_seq; Type: SEQUENCE SET; Schema: public; Owner: postgres
--

SELECT pg_catalog.setval('public.parking_data_parking_id_seq', 184, true);


--
-- Name: parking_id_seq; Type: SEQUENCE SET; Schema: public; Owner: postgres
--

SELECT pg_catalog.setval('public.parking_id_seq', 1, false);


--
-- Name: parkinglots_Details_id_seq; Type: SEQUENCE SET; Schema: public; Owner: postgres
--

SELECT pg_catalog.setval('public."parkinglots_Details_id_seq"', 1, false);


--
-- Name: reservations_reservation_id_seq; Type: SEQUENCE SET; Schema: public; Owner: postgres
--

SELECT pg_catalog.setval('public.reservations_reservation_id_seq', 1, false);


--
-- Name: rows_row_id_seq; Type: SEQUENCE SET; Schema: public; Owner: postgres
--

SELECT pg_catalog.setval('public.rows_row_id_seq', 2, true);


--
-- Name: slots_slot_id_seq; Type: SEQUENCE SET; Schema: public; Owner: postgres
--

SELECT pg_catalog.setval('public.slots_slot_id_seq', 2, true);


--
-- Name: users_user_id_seq1; Type: SEQUENCE SET; Schema: public; Owner: postgres
--

SELECT pg_catalog.setval('public.users_user_id_seq1', 79, true);


--
-- Name: floors floors_pkey; Type: CONSTRAINT; Schema: public; Owner: postgres
--

ALTER TABLE ONLY public.floors
    ADD CONSTRAINT floors_pkey PRIMARY KEY (floor_id);


--
-- Name: parking_data parking_data_pkey; Type: CONSTRAINT; Schema: public; Owner: postgres
--

ALTER TABLE ONLY public.parking_data
    ADD CONSTRAINT parking_data_pkey PRIMARY KEY (parking_id);


--
-- Name: parking parking_pkey; Type: CONSTRAINT; Schema: public; Owner: postgres
--

ALTER TABLE ONLY public.parking
    ADD CONSTRAINT parking_pkey PRIMARY KEY (id);


--
-- Name: parkinglots_Details parkinglots_Details_pkey; Type: CONSTRAINT; Schema: public; Owner: postgres
--

ALTER TABLE ONLY public."parkinglots_Details"
    ADD CONSTRAINT "parkinglots_Details_pkey" PRIMARY KEY (id);


--
-- Name: parkingsessions parkingsessions_pkey; Type: CONSTRAINT; Schema: public; Owner: postgres
--

ALTER TABLE ONLY public.parkingsessions
    ADD CONSTRAINT parkingsessions_pkey PRIMARY KEY (ticket_id);


--
-- Name: reservations reservations_pkey; Type: CONSTRAINT; Schema: public; Owner: postgres
--

ALTER TABLE ONLY public.reservations
    ADD CONSTRAINT reservations_pkey PRIMARY KEY (reservation_id);


--
-- Name: rows rows_pkey; Type: CONSTRAINT; Schema: public; Owner: postgres
--

ALTER TABLE ONLY public.rows
    ADD CONSTRAINT rows_pkey PRIMARY KEY (row_id);


--
-- Name: slots slots_pkey; Type: CONSTRAINT; Schema: public; Owner: postgres
--

ALTER TABLE ONLY public.slots
    ADD CONSTRAINT slots_pkey PRIMARY KEY (slot_id);


--
-- Name: users users_pkey1; Type: CONSTRAINT; Schema: public; Owner: postgres
--

ALTER TABLE ONLY public.users
    ADD CONSTRAINT users_pkey1 PRIMARY KEY (user_id);


--
-- Name: parkingsessions parkingsessions_slot_id_fkey; Type: FK CONSTRAINT; Schema: public; Owner: postgres
--

ALTER TABLE ONLY public.parkingsessions
    ADD CONSTRAINT parkingsessions_slot_id_fkey FOREIGN KEY (slot_id) REFERENCES public.slots(slot_id);


--
-- Name: reservations reservations_slot_id_fkey; Type: FK CONSTRAINT; Schema: public; Owner: postgres
--

ALTER TABLE ONLY public.reservations
    ADD CONSTRAINT reservations_slot_id_fkey FOREIGN KEY (slot_id) REFERENCES public.slots(slot_id);


--
-- Name: reservations reservations_user_id_fkey; Type: FK CONSTRAINT; Schema: public; Owner: postgres
--

ALTER TABLE ONLY public.reservations
    ADD CONSTRAINT reservations_user_id_fkey FOREIGN KEY (user_id) REFERENCES public.users(user_id);


--
-- Name: rows rows_floor_id_fkey; Type: FK CONSTRAINT; Schema: public; Owner: postgres
--

ALTER TABLE ONLY public.rows
    ADD CONSTRAINT rows_floor_id_fkey FOREIGN KEY (floor_id) REFERENCES public.floors(floor_id);


--
-- Name: slots slots_row_id_fkey; Type: FK CONSTRAINT; Schema: public; Owner: postgres
--

ALTER TABLE ONLY public.slots
    ADD CONSTRAINT slots_row_id_fkey FOREIGN KEY (row_id) REFERENCES public.rows(row_id);


--
-- PostgreSQL database dump complete
--

